species_id,name_ja,type1,type2,base_atk,base_def,base_sta,fast_moves,charge_moves,tags,elitefast,elitecharge,evolves_to,evolves_from,generation
bulbasaur,フシギダネ,grass,poison,118,111,128,"vine_whip_fast,tackle_fast","sludge_bomb,seed_bomb,power_whip",,,,IVYSAUR,,1
bulbasaur_fall_2019,フシギダネ,grass,poison,118,111,128,"vine_whip_fast,tackle_fast","sludge_bomb,seed_bomb,power_whip",bulbasaur_fall_2019,,,,,
bulbasaur_normal,フシギダネ,grass,poison,118,111,128,"vine_whip_fast,tackle_fast","sludge_bomb,seed_bomb,power_whip",bulbasaur_normal,,,,,
ivysaur,フシギソウ,grass,poison,151,143,155,"razor_leaf_fast,vine_whip_fast","sludge_bomb,solar_beam,power_whip",,,,VENUSAUR,BULBASAUR,1
ivysaur_normal,フシギソウ,grass,poison,151,143,155,"razor_leaf_fast,vine_whip_fast","sludge_bomb,solar_beam,power_whip",ivysaur_normal,,,,,
venusaur,フシギバナ,grass,poison,198,189,190,"razor_leaf_fast,vine_whip_fast","sludge_bomb,petal_blizzard,solar_beam,sludge",,,frenzy_plant,,IVYSAUR,1
venusaur_copy_2019,フシギバナ,grass,poison,198,189,190,"razor_leaf_fast,vine_whip_fast","sludge_bomb,petal_blizzard,solar_beam,sludge",venusaur_copy_2019,,,,,
venusaur_normal,フシギバナ,grass,poison,198,189,190,"razor_leaf_fast,vine_whip_fast","sludge_bomb,petal_blizzard,solar_beam,sludge",venusaur_normal,,,,,
charmander,ヒトカゲ,fire,,116,93,118,"ember_fast,scratch_fast","flame_charge,flame_burst,flamethrower",,,,CHARMELEON,,1
charmander_fall_2019,ヒトカゲ,fire,,116,93,118,"ember_fast,scratch_fast","flame_charge,flame_burst,flamethrower",charmander_fall_2019,,,,,
charmander_normal,ヒトカゲ,fire,,116,93,118,"ember_fast,scratch_fast","flame_charge,flame_burst,flamethrower",charmander_normal,,,,,
charmeleon,リザード,fire,,158,126,151,"ember_fast,fire_fang_fast","fire_punch,flame_burst,flamethrower",,scratch_fast,,CHARIZARD,CHARMANDER,1
charmeleon_normal,リザード,fire,,158,126,151,"ember_fast,fire_fang_fast","fire_punch,flame_burst,flamethrower",charmeleon_normal,,,,,
charizard,リザードン,fire,flying,223,173,186,"fire_spin_fast,air_slash_fast","fire_blast,dragon_claw,overheat,air_cutter",,"ember_fast,wing_attack_fast,dragon_breath_fast","blast_burn,flamethrower",,CHARMELEON,1
charizard_copy_2019,リザードン,fire,flying,223,173,186,"fire_spin_fast,air_slash_fast","fire_blast,dragon_claw,overheat,air_cutter",charizard_copy_2019,,,,,
charizard_normal,リザードン,fire,flying,223,173,186,"fire_spin_fast,air_slash_fast","fire_blast,dragon_claw,overheat,air_cutter",charizard_normal,,,,,
squirtle,ゼニガメ,water,,94,121,127,"bubble_fast,tackle_fast","aqua_jet,aqua_tail,water_pulse",,,,WARTORTLE,,1
squirtle_fall_2019,ゼニガメ,water,,94,121,127,"bubble_fast,tackle_fast","aqua_jet,aqua_tail,water_pulse",squirtle_fall_2019,,,,,
squirtle_normal,ゼニガメ,water,,94,121,127,"bubble_fast,tackle_fast","aqua_jet,aqua_tail,water_pulse",squirtle_normal,,,,,
wartortle,カメール,water,,126,155,153,"water_gun_fast,bite_fast","aqua_jet,ice_beam,hydro_pump",,,,BLASTOISE,SQUIRTLE,1
wartortle_normal,カメール,water,,126,155,153,"water_gun_fast,bite_fast","aqua_jet,ice_beam,hydro_pump",wartortle_normal,,,,,
blastoise,カメックス,water,,171,207,188,"water_gun_fast,bite_fast,rollout_fast","flash_cannon,ice_beam,hydro_pump,skull_bash",,,hydro_cannon,,WARTORTLE,1
blastoise_copy_2019,カメックス,water,,171,207,188,"water_gun_fast,bite_fast,rollout_fast","flash_cannon,ice_beam,hydro_pump,skull_bash",blastoise_copy_2019,,,,,
blastoise_normal,カメックス,water,,171,207,188,"water_gun_fast,bite_fast,rollout_fast","flash_cannon,ice_beam,hydro_pump,skull_bash",blastoise_normal,,,,,
caterpie,キャタピー,bug,,55,55,128,"bug_bite_fast,tackle_fast",struggle,,,,METAPOD,,1
caterpie_normal,キャタピー,bug,,55,55,128,"bug_bite_fast,tackle_fast",struggle,caterpie_normal,,,,,1
metapod,トランセル,bug,,45,80,137,"bug_bite_fast,tackle_fast",struggle,,,,BUTTERFREE,CATERPIE,1
metapod_normal,トランセル,bug,,45,80,137,"bug_bite_fast,tackle_fast",struggle,metapod_normal,,,,,
butterfree,バタフリー,bug,flying,167,137,155,"struggle_bug_fast,confusion_fast","bug_buzz,psychic,signal_beam",,bug_bite_fast,,,METAPOD,1
butterfree_normal,バタフリー,bug,flying,167,137,155,"struggle_bug_fast,confusion_fast","bug_buzz,psychic,signal_beam",butterfree_normal,,,,,1
weedle,ビードル,bug,poison,63,50,120,"bug_bite_fast,poison_sting_fast",struggle,,,,KAKUNA,,1
weedle_normal,ビードル,bug,poison,63,50,120,"bug_bite_fast,poison_sting_fast",struggle,weedle_normal,,,,,
kakuna,コクーン,bug,poison,46,75,128,"bug_bite_fast,poison_sting_fast",struggle,,,,BEEDRILL,WEEDLE,1
kakuna_normal,コクーン,bug,poison,46,75,128,"bug_bite_fast,poison_sting_fast",struggle,kakuna_normal,,,,,
beedrill,スピアー,bug,poison,169,130,163,"infestation_fast,poison_jab_fast,poison_sting_fast","sludge_bomb,aerial_ace,x_scissor,fell_stinger",,bug_bite_fast,drill_run,,KAKUNA,1
beedrill_normal,スピアー,bug,poison,169,130,163,"infestation_fast,poison_jab_fast,poison_sting_fast","sludge_bomb,aerial_ace,x_scissor,fell_stinger",beedrill_normal,,,,,
pidgey,ポッポ,normal,flying,85,73,120,"quick_attack_fast,tackle_fast","twister,aerial_ace,air_cutter",,,,PIDGEOTTO,,1
pidgey_normal,ポッポ,normal,flying,85,73,120,"quick_attack_fast,tackle_fast","twister,aerial_ace,air_cutter",pidgey_normal,,,,,
pidgeotto,ピジョン,normal,flying,117,105,160,"wing_attack_fast,steel_wing_fast","twister,aerial_ace,air_cutter",,,,PIDGEOT,PIDGEY,1
pidgeotto_normal,ピジョン,normal,flying,117,105,160,"wing_attack_fast,steel_wing_fast","twister,aerial_ace,air_cutter",pidgeotto_normal,,,,,
pidgeot,ピジョット,normal,flying,166,154,195,"air_slash_fast,steel_wing_fast","hurricane,aerial_ace,brave_bird,feather_dance,heat_wave",,"wing_attack_fast,gust_fast",air_cutter,,PIDGEOTTO,1
pidgeot_normal,ピジョット,normal,flying,166,154,195,"air_slash_fast,steel_wing_fast","hurricane,aerial_ace,brave_bird,feather_dance,heat_wave",pidgeot_normal,,,,,
rattata,コラッタ,normal,,103,70,102,"tackle_fast,quick_attack_fast","dig,hyper_fang,body_slam",,,,RATICATE,,1
rattata_alola,コラッタ,dark,normal,103,70,102,"tackle_fast,quick_attack_fast","crunch,hyper_fang,shadow_ball",rattata_alola,,,,,
rattata_normal,コラッタ,normal,,103,70,102,"tackle_fast,quick_attack_fast","dig,hyper_fang,body_slam",rattata_normal,,,,,
raticate,ラッタ,normal,,161,139,146,"bite_fast,quick_attack_fast","dig,hyper_fang,hyper_beam",,,,,RATTATA,1
raticate_alola,ラッタ,dark,normal,135,154,181,"bite_fast,quick_attack_fast","crunch,hyper_fang,hyper_beam",raticate_alola,,,,,
raticate_normal,ラッタ,normal,,161,139,146,"bite_fast,quick_attack_fast","dig,hyper_fang,hyper_beam",raticate_normal,,,,,
spearow,オニスズメ,normal,flying,112,60,120,"peck_fast,quick_attack_fast","aerial_ace,drill_peck,sky_attack",,,twister,FEAROW,,1
spearow_normal,オニスズメ,normal,flying,112,60,120,"peck_fast,quick_attack_fast","aerial_ace,drill_peck,sky_attack",spearow_normal,,,,,
fearow,オニドリル,normal,flying,182,133,163,"peck_fast,steel_wing_fast","aerial_ace,drill_run,sky_attack,fly,drill_peck",,,twister,,SPEAROW,1
fearow_normal,オニドリル,normal,flying,182,133,163,"peck_fast,steel_wing_fast","aerial_ace,drill_run,sky_attack,fly,drill_peck",fearow_normal,,,,,
ekans,アーボ,poison,,110,97,111,"poison_sting_fast,acid_fast","wrap,poison_fang,sludge_bomb",,,gunk_shot,ARBOK,,1
ekans_normal,アーボ,poison,,110,97,111,"poison_sting_fast,acid_fast","wrap,poison_fang,sludge_bomb",ekans_normal,,,,,
arbok,アーボック,poison,,167,153,155,"bite_fast,acid_fast,dragon_tail_fast,poison_sting_fast","dark_pulse,sludge_wave,gunk_shot,acid_spray",,,,,EKANS,1
arbok_normal,アーボック,poison,,167,153,155,"bite_fast,acid_fast,dragon_tail_fast,poison_sting_fast","dark_pulse,sludge_wave,gunk_shot,acid_spray",arbok_normal,,,,,
pikachu,ピカチュウ,electric,,112,96,111,"thunder_shock_fast,quick_attack_fast","discharge,thunderbolt,wild_charge",,present_fast,"surf,thunder",,PICHU,1
pikachu_adventure_hat_2020,ピカチュウ,electric,,112,96,111,"thunder_shock_fast,quick_attack_fast","discharge,thunderbolt,wild_charge",pikachu_adventure_hat_2020,,,,,
pikachu_copy_2019,ピカチュウ,electric,,112,96,111,"thunder_shock_fast,quick_attack_fast","discharge,thunderbolt,wild_charge",pikachu_copy_2019,,,,,
pikachu_costume_2020,ピカチュウ,electric,,112,96,111,"thunder_shock_fast,quick_attack_fast","discharge,thunderbolt,wild_charge,fly",pikachu_costume_2020,,,,,
pikachu_diwali_2024,ピカチュウ,electric,,112,96,111,"thunder_shock_fast,quick_attack_fast","discharge,thunderbolt,wild_charge",pikachu_diwali_2024,,,,,
pikachu_doctor,ピカチュウ,electric,,112,96,111,"thunder_shock_fast,charm_fast","thunder_punch,play_rough",pikachu_doctor,,,,,
pikachu_fall_2019,ピカチュウ,electric,,112,96,111,"thunder_shock_fast,quick_attack_fast","discharge,thunderbolt,wild_charge",pikachu_fall_2019,,,,,
pikachu_flying_01,ピカチュウ,electric,,112,96,111,"thunder_shock_fast,quick_attack_fast","discharge,thunderbolt,wild_charge,fly",pikachu_flying_01,,,,,
pikachu_flying_02,ピカチュウ,electric,,112,96,111,"thunder_shock_fast,quick_attack_fast","discharge,thunderbolt,wild_charge,fly",pikachu_flying_02,,,,,
pikachu_flying_03,ピカチュウ,electric,,112,96,111,"thunder_shock_fast,quick_attack_fast","discharge,thunderbolt,wild_charge,fly",pikachu_flying_03,,,,,
pikachu_flying_04,ピカチュウ,electric,,112,96,111,"thunder_shock_fast,quick_attack_fast","discharge,thunderbolt,wild_charge,fly",pikachu_flying_04,,,,,
pikachu_flying_5th_anniv,ピカチュウ,electric,,112,96,111,"thunder_shock_fast,quick_attack_fast","discharge,thunderbolt,wild_charge,fly",pikachu_flying_5th_anniv,,,,,
pikachu_flying_okinawa,ピカチュウ,electric,,112,96,111,"thunder_shock_fast,quick_attack_fast","discharge,thunderbolt,wild_charge,fly",pikachu_flying_okinawa,,,,,
pikachu_gofest_2022,ピカチュウ,electric,,112,96,111,"thunder_shock_fast,quick_attack_fast","discharge,thunderbolt,wild_charge",pikachu_gofest_2022,,,,,
pikachu_gofest_2024_mtiara,ピカチュウ,electric,,112,96,111,"thunder_shock_fast,quick_attack_fast","discharge,thunderbolt,wild_charge",pikachu_gofest_2024_mtiara,,,,,
pikachu_gofest_2024_stiara,ピカチュウ,electric,,112,96,111,"thunder_shock_fast,quick_attack_fast","discharge,thunderbolt,wild_charge",pikachu_gofest_2024_stiara,,,,,
pikachu_gofest_2025_goggles_blue,ピカチュウ,electric,,112,96,111,"thunder_shock_fast,quick_attack_fast","discharge,thunderbolt,wild_charge",pikachu_gofest_2025_goggles_blue,,,,,
pikachu_gofest_2025_goggles_red,ピカチュウ,electric,,112,96,111,"thunder_shock_fast,quick_attack_fast","discharge,thunderbolt,wild_charge",pikachu_gofest_2025_goggles_red,,,,,
pikachu_gofest_2025_goggles_yellow,ピカチュウ,electric,,112,96,111,"thunder_shock_fast,quick_attack_fast","discharge,thunderbolt,wild_charge",pikachu_gofest_2025_goggles_yellow,,,,,
pikachu_gofest_2025_monocle_blue,ピカチュウ,electric,,112,96,111,"thunder_shock_fast,quick_attack_fast","discharge,thunderbolt,wild_charge",pikachu_gofest_2025_monocle_blue,,,,,
pikachu_gofest_2025_monocle_red,ピカチュウ,electric,,112,96,111,"thunder_shock_fast,quick_attack_fast","discharge,thunderbolt,wild_charge",pikachu_gofest_2025_monocle_red,,,,,
pikachu_gofest_2025_monocle_yellow,ピカチュウ,electric,,112,96,111,"thunder_shock_fast,quick_attack_fast","discharge,thunderbolt,wild_charge",pikachu_gofest_2025_monocle_yellow,,,,,
pikachu_gotour_2024_a,ピカチュウ,electric,,112,96,111,"thunder_shock_fast,quick_attack_fast","discharge,thunderbolt,wild_charge",pikachu_gotour_2024_a,,,,,
pikachu_gotour_2024_a_02,ピカチュウ,electric,,112,96,111,"thunder_shock_fast,quick_attack_fast","discharge,thunderbolt,wild_charge",pikachu_gotour_2024_a_02,,,,,
pikachu_gotour_2024_b,ピカチュウ,electric,,112,96,111,"thunder_shock_fast,quick_attack_fast","discharge,thunderbolt,wild_charge",pikachu_gotour_2024_b,,,,,
pikachu_gotour_2024_b_02,ピカチュウ,electric,,112,96,111,"thunder_shock_fast,quick_attack_fast","discharge,thunderbolt,wild_charge",pikachu_gotour_2024_b_02,,,,,
pikachu_gotour_2025_a,ピカチュウ,electric,,112,96,111,"thunder_shock_fast,quick_attack_fast","discharge,thunderbolt,wild_charge",pikachu_gotour_2025_a,,,,,
pikachu_gotour_2025_a_02,ピカチュウ,electric,,112,96,111,"thunder_shock_fast,quick_attack_fast","discharge,thunderbolt,wild_charge",pikachu_gotour_2025_a_02,,,,,
pikachu_gotour_2025_b,ピカチュウ,electric,,112,96,111,"thunder_shock_fast,quick_attack_fast","discharge,thunderbolt,wild_charge",pikachu_gotour_2025_b,,,,,
pikachu_gotour_2025_b_02,ピカチュウ,electric,,112,96,111,"thunder_shock_fast,quick_attack_fast","discharge,thunderbolt,wild_charge",pikachu_gotour_2025_b_02,,,,,
pikachu_horizons,ピカチュウ,electric,,112,96,111,"thunder_shock_fast,quick_attack_fast","discharge,thunderbolt,wild_charge",pikachu_horizons,,,,,
pikachu_jeju,ピカチュウ,electric,,112,96,111,"thunder_shock_fast,quick_attack_fast","discharge,thunderbolt,wild_charge",pikachu_jeju,,,,,
pikachu_kariyushi,ピカチュウ,electric,,112,96,111,"thunder_shock_fast,quick_attack_fast","discharge,thunderbolt,wild_charge",pikachu_kariyushi,,,,,
pikachu_kurta,ピカチュウ,electric,,112,96,111,"thunder_shock_fast,quick_attack_fast","discharge,thunderbolt,wild_charge",pikachu_kurta,,,,,
pikachu_normal,ピカチュウ,electric,,112,96,111,"thunder_shock_fast,quick_attack_fast","discharge,thunderbolt,wild_charge",pikachu_normal,,,,,
pikachu_pop_star,ピカチュウ,electric,,112,96,111,"thunder_shock_fast,charm_fast","draining_kiss,thunder_punch,play_rough",pikachu_pop_star,,,,,
pikachu_rock_star,ピカチュウ,electric,,112,96,111,"thunder_shock_fast,charm_fast","meteor_mash,thunder_punch,play_rough",pikachu_rock_star,,,,,
pikachu_summer_2023_a,ピカチュウ,electric,,112,96,111,"thunder_shock_fast,quick_attack_fast","discharge,thunderbolt,wild_charge",pikachu_summer_2023_a,,,,,
pikachu_summer_2023_b,ピカチュウ,electric,,112,96,111,"thunder_shock_fast,quick_attack_fast","discharge,thunderbolt,wild_charge",pikachu_summer_2023_b,,,,,
pikachu_summer_2023_c,ピカチュウ,electric,,112,96,111,"thunder_shock_fast,quick_attack_fast","discharge,thunderbolt,wild_charge",pikachu_summer_2023_c,,,,,
pikachu_summer_2023_d,ピカチュウ,electric,,112,96,111,"thunder_shock_fast,quick_attack_fast","discharge,thunderbolt,wild_charge",pikachu_summer_2023_d,,,,,
pikachu_summer_2023_e,ピカチュウ,electric,,112,96,111,"thunder_shock_fast,quick_attack_fast","discharge,thunderbolt,wild_charge",pikachu_summer_2023_e,,,,,
pikachu_tshirt_01,ピカチュウ,electric,,112,96,111,"thunder_shock_fast,quick_attack_fast","discharge,thunderbolt,wild_charge",pikachu_tshirt_01,,,,,
pikachu_tshirt_02,ピカチュウ,electric,,112,96,111,"thunder_shock_fast,quick_attack_fast","discharge,thunderbolt,wild_charge",pikachu_tshirt_02,,,,,
pikachu_tshirt_03,ピカチュウ,electric,,112,96,111,"thunder_shock_fast,quick_attack_fast","discharge,thunderbolt,wild_charge",pikachu_tshirt_03,,,,,
pikachu_vs_2019,ピカチュウ,electric,,112,96,111,"thunder_shock_fast,charm_fast","flying_press,thunder_punch,play_rough",pikachu_vs_2019,,,,,
pikachu_wcs_2022,ピカチュウ,electric,,112,96,111,"thunder_shock_fast,quick_attack_fast","discharge,thunderbolt,wild_charge",pikachu_wcs_2022,,,,,
pikachu_wcs_2023,ピカチュウ,electric,,112,96,111,"thunder_shock_fast,quick_attack_fast","discharge,thunderbolt,wild_charge",pikachu_wcs_2023,,,,,
pikachu_wcs_2024,ピカチュウ,electric,,112,96,111,"thunder_shock_fast,quick_attack_fast","discharge,thunderbolt,wild_charge",pikachu_wcs_2024,,,,,
pikachu_winter_2020,ピカチュウ,electric,,112,96,111,"thunder_shock_fast,quick_attack_fast","discharge,thunderbolt,wild_charge",pikachu_winter_2020,,,,,
raichu,ライチュウ,electric,,193,151,155,"volt_switch_fast,spark_fast,charm_fast,thunder_shock_fast","brick_break,thunder_punch,wild_charge,skull_bash,trailblaze,surf",,,thunder,,,1
raichu_alola,ライチュウ,electric,psychic,201,154,155,"volt_switch_fast,spark_fast,thunder_shock_fast","psychic,thunder_punch,wild_charge,grass_knot,trailblaze,surf,psyshock",raichu_alola,,,,,
raichu_normal,ライチュウ,electric,,193,151,155,"volt_switch_fast,spark_fast,charm_fast,thunder_shock_fast","brick_break,thunder_punch,wild_charge,skull_bash,trailblaze,surf",raichu_normal,,,,,
sandshrew,サンド,ground,,126,120,137,"scratch_fast,mud_shot_fast,sand_attack_fast","dig,rock_slide,sand_tomb",,,rock_tomb,SANDSLASH,,1
sandshrew_alola,サンド,ice,steel,125,129,137,"metal_claw_fast,powder_snow_fast","blizzard,gyro_ball,night_slash",sandshrew_alola,,,,,
sandshrew_normal,サンド,ground,,126,120,137,"scratch_fast,mud_shot_fast,sand_attack_fast","dig,rock_slide,sand_tomb",sandshrew_normal,,,,,
sandslash,サンドパン,ground,,182,175,181,"metal_claw_fast,mud_shot_fast,sand_attack_fast","earthquake,rock_tomb,bulldoze,scorching_sands",,,night_slash,,SANDSHREW,1
sandslash_alola,サンドパン,ice,steel,177,195,181,"metal_claw_fast,powder_snow_fast","blizzard,gyro_ball,bulldoze,ice_punch,drill_run,aerial_ace",sandslash_alola,,,,,
sandslash_normal,サンドパン,ground,,182,175,181,"metal_claw_fast,mud_shot_fast,sand_attack_fast","earthquake,rock_tomb,bulldoze,scorching_sands",sandslash_normal,,,,,
nidoran_female,ニドラン(♀),poison,,86,89,146,"bite_fast,poison_sting_fast","poison_fang,body_slam,sludge_bomb",,,,NIDORINA,,1
nidoran_normal,ニドラン(♀),poison,,86,89,146,"bite_fast,poison_sting_fast","poison_fang,body_slam,sludge_bomb",nidoran_normal,,,,,
nidorina,ニドリーナ,poison,,117,120,172,"bite_fast,poison_sting_fast","poison_fang,dig,sludge_bomb,thunderbolt",,,,NIDOQUEEN,NIDORAN_FEMALE,1
nidorina_normal,ニドリーナ,poison,,117,120,172,"bite_fast,poison_sting_fast","poison_fang,dig,sludge_bomb,thunderbolt",nidorina_normal,,,,,
nidoqueen,ニドクイン,poison,ground,180,173,207,"poison_jab_fast,bite_fast,poison_sting_fast,mud_slap_fast","earthquake,sludge_wave,stone_edge,earth_power,poison_fang",,,,,NIDORINA,1
nidoqueen_normal,ニドクイン,poison,ground,180,173,207,"poison_jab_fast,bite_fast,poison_sting_fast,mud_slap_fast","earthquake,sludge_wave,stone_edge,earth_power,poison_fang",nidoqueen_normal,,,,,
nidoran_male,ニドラン(♂),poison,,105,76,130,"peck_fast,poison_sting_fast","horn_attack,body_slam,sludge_bomb",,,,NIDORINO,,1
nidorino,ニドリーノ,poison,,137,111,156,"poison_jab_fast,poison_sting_fast","horn_attack,dig,sludge_bomb,ice_beam",,,,NIDOKING,NIDORAN_MALE,1
nidorino_normal,ニドリーノ,poison,,137,111,156,"poison_jab_fast,poison_sting_fast","horn_attack,dig,sludge_bomb,ice_beam",nidorino_normal,,,,,
nidoking,ニドキング,poison,ground,204,156,191,"poison_jab_fast,iron_tail_fast,double_kick_fast,poison_sting_fast","earthquake,sludge_wave,megahorn,earth_power,sand_tomb",,fury_cutter_fast,,,NIDORINO,1
nidoking_normal,ニドキング,poison,ground,204,156,191,"poison_jab_fast,iron_tail_fast,double_kick_fast,poison_sting_fast","earthquake,sludge_wave,megahorn,earth_power,sand_tomb",nidoking_normal,,,,,
clefairy,ピッピ,fairy,,107,108,172,"pound_fast,zen_headbutt_fast","disarming_voice,body_slam,moonblast,swift",,,,CLEFABLE,CLEFFA,1
clefairy_normal,ピッピ,fairy,,107,108,172,"pound_fast,zen_headbutt_fast","disarming_voice,body_slam,moonblast,swift",clefairy_normal,,,,,
clefable,ピクシー,fairy,,178,162,216,"charge_beam_fast,zen_headbutt_fast,charm_fast,fairy_wind_fast","dazzling_gleam,psychic,moonblast,meteor_mash,swift,draining_kiss",,pound_fast,,,CLEFAIRY,1
clefable_normal,ピクシー,fairy,,178,162,216,"charge_beam_fast,zen_headbutt_fast,charm_fast,fairy_wind_fast","dazzling_gleam,psychic,moonblast,meteor_mash,swift,draining_kiss",clefable_normal,,,,,
vulpix,ロコン,fire,,96,109,116,"quick_attack_fast,ember_fast","body_slam,flamethrower,flame_charge,weather_ball_fire",,,,NINETALES,,1
vulpix_alola,ロコン,ice,,96,109,116,"zen_headbutt_fast,powder_snow_fast","dark_pulse,ice_beam,blizzard,weather_ball_ice",vulpix_alola,,,,,
vulpix_normal,ロコン,fire,,96,109,116,"quick_attack_fast,ember_fast","body_slam,flamethrower,flame_charge,weather_ball_fire",vulpix_normal,,,,,
ninetales,キュウコン,fire,,169,190,177,"feint_attack_fast,fire_spin_fast","heat_wave,overheat,solar_beam,psyshock,weather_ball_fire,scorching_sands",,ember_fast,"fire_blast,flamethrower,energy_ball",,VULPIX,1
ninetales_alola,キュウコン,ice,fairy,170,193,177,"feint_attack_fast,powder_snow_fast,charm_fast","dazzling_gleam,ice_beam,blizzard,psyshock,weather_ball_ice",ninetales_alola,,,,,
ninetales_normal,キュウコン,fire,,169,190,177,"feint_attack_fast,fire_spin_fast","heat_wave,overheat,solar_beam,psyshock,weather_ball_fire,scorching_sands",ninetales_normal,,,,,
jigglypuff,プリン,normal,fairy,80,41,251,"pound_fast,feint_attack_fast","disarming_voice,gyro_ball,dazzling_gleam,swift",,,"play_rough,body_slam",WIGGLYTUFF,IGGLYBUFF,
jigglypuff_normal,プリン,normal,fairy,80,41,251,"pound_fast,feint_attack_fast","disarming_voice,gyro_ball,dazzling_gleam,swift",jigglypuff_normal,,,,,1
wigglytuff,プクリン,normal,fairy,156,90,295,"pound_fast,feint_attack_fast,charm_fast","dazzling_gleam,hyper_beam,play_rough,ice_beam,disarming_voice,icy_wind,swift",,,,,JIGGLYPUFF,1
wigglytuff_normal,プクリン,normal,fairy,156,90,295,"pound_fast,feint_attack_fast,charm_fast","dazzling_gleam,hyper_beam,play_rough,ice_beam,disarming_voice,icy_wind,swift",wigglytuff_normal,,,,,
zubat,ズバット,poison,flying,83,73,120,"quick_attack_fast,bite_fast","poison_fang,air_cutter,swift",,,sludge_bomb,GOLBAT,,1
zubat_normal,ズバット,poison,flying,83,73,120,"quick_attack_fast,bite_fast","poison_fang,air_cutter,swift",zubat_normal,,,,,
golbat,ゴルバット,poison,flying,161,150,181,"wing_attack_fast,bite_fast","shadow_ball,air_cutter,poison_fang",,,ominous_wind,CROBAT,ZUBAT,1
golbat_normal,ゴルバット,poison,flying,161,150,181,"wing_attack_fast,bite_fast","shadow_ball,air_cutter,poison_fang",golbat_normal,,,,,
oddish,ナゾノクサ,grass,poison,131,112,128,"razor_leaf_fast,acid_fast","seed_bomb,sludge_bomb,moonblast",,,,GLOOM,,1
oddish_normal,ナゾノクサ,grass,poison,131,112,128,"razor_leaf_fast,acid_fast","seed_bomb,sludge_bomb,moonblast",oddish_normal,,,,,
gloom,クサイハナ,grass,poison,153,136,155,"razor_leaf_fast,acid_fast","petal_blizzard,sludge_bomb,moonblast",,,,"VILEPLUME,BELLOSSOM",ODDISH,1
gloom_normal,クサイハナ,grass,poison,153,136,155,"razor_leaf_fast,acid_fast","petal_blizzard,sludge_bomb,moonblast",gloom_normal,,,,,
vileplume,ラフレシア,grass,poison,202,167,181,"razor_leaf_fast,acid_fast","petal_blizzard,solar_beam,moonblast,sludge_bomb",,,,,GLOOM,1
vileplume_normal,ラフレシア,grass,poison,202,167,181,"razor_leaf_fast,acid_fast","petal_blizzard,solar_beam,moonblast,sludge_bomb",vileplume_normal,,,,,
paras,パラス,bug,grass,121,99,111,"scratch_fast,bug_bite_fast","cross_poison,x_scissor,seed_bomb",,,,PARASECT,,1
paras_normal,パラス,bug,grass,121,99,111,"scratch_fast,bug_bite_fast","cross_poison,x_scissor,seed_bomb",paras_normal,,,,,
parasect,パラセクト,bug,grass,165,146,155,"struggle_bug_fast,fury_cutter_fast","cross_poison,x_scissor,solar_beam",,bug_bite_fast,,,PARAS,1
parasect_normal,パラセクト,bug,grass,165,146,155,"struggle_bug_fast,fury_cutter_fast","cross_poison,x_scissor,solar_beam",parasect_normal,,,,,
venonat,コンパン,bug,poison,100,100,155,"bug_bite_fast,confusion_fast","poison_fang,psybeam,signal_beam",,,,VENOMOTH,,1
venonat_normal,コンパン,bug,poison,100,100,155,"bug_bite_fast,confusion_fast","poison_fang,psybeam,signal_beam",venonat_normal,,,,,
venomoth,モルフォン,bug,poison,179,143,172,"infestation_fast,confusion_fast,psywave_fast","silver_wind,psychic,bug_buzz,poison_fang",,bug_bite_fast,,,VENONAT,1
venomoth_normal,モルフォン,bug,poison,179,143,172,"infestation_fast,confusion_fast,psywave_fast","silver_wind,psychic,bug_buzz,poison_fang",venomoth_normal,,,,,
diglett,ディグダ,ground,,109,78,67,"mud_slap_fast,scratch_fast,mud_shot_fast","dig,mud_bomb,rock_tomb",,,,DUGTRIO,,1
diglett_alola,ディグダ,ground,steel,108,81,67,"mud_slap_fast,metal_claw_fast,sand_attack_fast","dig,mud_bomb,rock_tomb",diglett_alola,,,,,
diglett_normal,ディグダ,ground,,109,78,67,"mud_slap_fast,scratch_fast,mud_shot_fast","dig,mud_bomb,rock_tomb",diglett_normal,,,,,
dugtrio,ダグトリオ,ground,,167,134,111,"sucker_punch_fast,mud_slap_fast,mud_shot_fast","earthquake,mud_bomb,stone_edge",,,,,DIGLETT,1
dugtrio_alola,ダグトリオ,ground,steel,201,142,111,"metal_claw_fast,mud_slap_fast,sand_attack_fast","earthquake,mud_bomb,iron_head",dugtrio_alola,,,,,
dugtrio_normal,ダグトリオ,ground,,167,136,111,"sucker_punch_fast,mud_slap_fast,mud_shot_fast","earthquake,mud_bomb,stone_edge",dugtrio_normal,,,,,
meowth,ニャース,normal,,92,78,120,"scratch_fast,bite_fast","night_slash,dark_pulse,foul_play",,,body_slam,PERSIAN,,1
meowth_alola,ニャース,dark,,99,78,120,"scratch_fast,bite_fast","night_slash,dark_pulse,foul_play,trailblaze",meowth_alola,,,,,
meowth_galarian,ニャース,steel,,115,92,137,"scratch_fast,metal_claw_fast,metal_sound_fast","night_slash,gyro_ball,dig,trailblaze",meowth_galarian,,,,,
meowth_normal,ニャース,normal,,92,78,120,"scratch_fast,bite_fast","night_slash,dark_pulse,foul_play",meowth_normal,,,,,
persian,ペルシアン,normal,,150,136,163,"scratch_fast,feint_attack_fast","foul_play,power_gem,play_rough,payback",,,night_slash,,MEOWTH,1
persian_alola,ペルシアン,dark,,158,136,163,"scratch_fast,feint_attack_fast","foul_play,dark_pulse,play_rough,payback,trailblaze",persian_alola,,,,,
persian_normal,ペルシアン,normal,,150,136,163,"scratch_fast,feint_attack_fast","foul_play,power_gem,play_rough,payback",persian_normal,,,,,
psyduck,コダック,water,,122,95,137,"water_gun_fast,zen_headbutt_fast","psybeam,aqua_tail,cross_chop",,,,,,1
psyduck_normal,コダック,water,,122,95,137,"water_gun_fast,zen_headbutt_fast","psybeam,aqua_tail,cross_chop",psyduck_normal,,,,,
golduck,ゴルダック,water,,191,162,190,"water_gun_fast,confusion_fast","psychic,hydro_pump,ice_beam,bubble_beam,synchronoise,cross_chop,liquidation",,,,,,1
golduck_normal,ゴルダック,water,,191,162,190,"water_gun_fast,confusion_fast","psychic,hydro_pump,ice_beam,bubble_beam,synchronoise,cross_chop,liquidation",golduck_normal,,,,,
mankey,マンキー,fighting,,148,82,120,"karate_chop_fast,scratch_fast","cross_chop,low_sweep,brick_break",,,,PRIMEAPE,,1
mankey_normal,マンキー,fighting,,148,82,120,"karate_chop_fast,scratch_fast","cross_chop,low_sweep,brick_break",mankey_normal,,,,,
primeape,オコリザル,fighting,,207,138,163,"low_kick_fast,counter_fast","close_combat,low_sweep,night_slash,ice_punch",,karate_chop_fast,"cross_chop,rage_fist",ANNIHILAPE,MANKEY,1
primeape_normal,オコリザル,fighting,,207,138,163,"low_kick_fast,counter_fast","close_combat,low_sweep,night_slash,ice_punch",primeape_normal,,,,,
growlithe,ガーディ,fire,,136,93,146,"ember_fast,bite_fast","flame_wheel,body_slam,flamethrower",,,,ARCANINE,,1
growlithe_hisuian,ガーディ,fire,rock,142,92,155,"ember_fast,bite_fast","rock_slide,crunch,flamethrower",growlithe_hisuian,,,,,
growlithe_normal,ガーディ,fire,,136,93,146,"ember_fast,bite_fast","flame_wheel,body_slam,flamethrower",growlithe_normal,,,,,
arcanine,ウインディ,fire,,227,166,207,"fire_fang_fast,snarl_fast,thunder_fang_fast","fire_blast,wild_charge,crunch,flamethrower,psychic_fangs,scorching_sands",,bite_fast,bulldoze,,GROWLITHE,1
arcanine_hisuian,ウインディ,fire,rock,232,165,216,"fire_fang_fast,snarl_fast,rock_smash_fast","rock_slide,wild_charge,crunch,flamethrower",arcanine_hisuian,,,,,
arcanine_normal,ウインディ,fire,,227,166,207,"fire_fang_fast,snarl_fast,thunder_fang_fast","fire_blast,wild_charge,crunch,flamethrower,psychic_fangs,scorching_sands",arcanine_normal,,,,,
poliwag,ニョロモ,water,,101,82,120,"bubble_fast,mud_shot_fast","bubble_beam,mud_bomb,body_slam",,,,POLIWHIRL,,1
poliwag_normal,ニョロモ,water,,101,82,120,"bubble_fast,mud_shot_fast","bubble_beam,mud_bomb,body_slam",poliwag_normal,,,,,
poliwhirl,ニョロゾ,water,,130,123,163,"bubble_fast,mud_shot_fast","water_pulse,mud_bomb,bubble_beam",,,scald,"POLIWRATH,POLITOED",POLIWAG,1
poliwhirl_normal,ニョロゾ,water,,130,123,163,"bubble_fast,mud_shot_fast","water_pulse,mud_bomb,bubble_beam",poliwhirl_normal,,,,,
poliwrath,ニョロボン,water,fighting,182,184,207,"bubble_fast,rock_smash_fast,mud_shot_fast","hydro_pump,dynamic_punch,ice_punch,power_up_punch,scald,icy_wind",,counter_fast,submission,,POLIWHIRL,1
poliwrath_normal,ニョロボン,water,fighting,182,184,207,"bubble_fast,rock_smash_fast,mud_shot_fast","hydro_pump,dynamic_punch,ice_punch,power_up_punch,scald,icy_wind",poliwrath_normal,,,,,
abra,ケーシィ,psychic,,195,82,93,"zen_headbutt_fast,charge_beam_fast","psyshock,signal_beam,shadow_ball",,,,KADABRA,,1
abra_normal,ケーシィ,psychic,,195,82,93,"zen_headbutt_fast,charge_beam_fast","psyshock,signal_beam,shadow_ball",abra_normal,,,,,
kadabra,ユンゲラー,psychic,,232,117,120,"psycho_cut_fast,confusion_fast","psybeam,dazzling_gleam,shadow_ball",,,,ALAKAZAM,ABRA,1
kadabra_normal,ユンゲラー,psychic,,232,117,120,"psycho_cut_fast,confusion_fast","psybeam,dazzling_gleam,shadow_ball",kadabra_normal,,,,,
alakazam,フーディン,psychic,,271,167,146,"psycho_cut_fast,confusion_fast","futuresight,focus_blast,shadow_ball,fire_punch",,counter_fast,"dazzling_gleam,psychic",,KADABRA,1
alakazam_normal,フーディン,psychic,,271,167,146,"psycho_cut_fast,confusion_fast","futuresight,focus_blast,shadow_ball,fire_punch",alakazam_normal,,,,,
machop,ワンリキー,fighting,,137,82,172,"rock_smash_fast,karate_chop_fast","low_sweep,brick_break,cross_chop",,low_kick_fast,,MACHOKE,,1
machop_normal,ワンリキー,fighting,,137,82,172,"rock_smash_fast,karate_chop_fast","low_sweep,brick_break,cross_chop",machop_normal,,,,,
machoke,ゴーリキー,fighting,,177,125,190,"low_kick_fast,karate_chop_fast","submission,brick_break,dynamic_punch",,,cross_chop,MACHAMP,MACHOP,1
machoke_normal,ゴーリキー,fighting,,177,125,190,"low_kick_fast,karate_chop_fast","submission,brick_break,dynamic_punch",machoke_normal,,,,,
machamp,カイリキー,fighting,,234,159,207,"bullet_punch_fast,counter_fast","heavy_slam,dynamic_punch,close_combat,rock_slide,cross_chop",,karate_chop_fast,"stone_edge,submission,payback",,MACHOKE,1
machamp_normal,カイリキー,fighting,,234,159,207,"bullet_punch_fast,counter_fast","heavy_slam,dynamic_punch,close_combat,rock_slide,cross_chop",machamp_normal,,,,,
bellsprout,マダツボミ,grass,poison,139,61,137,"vine_whip_fast,acid_fast","power_whip,sludge_bomb,wrap",,,,WEEPINBELL,,1
bellsprout_normal,マダツボミ,grass,poison,139,61,137,"vine_whip_fast,acid_fast","power_whip,sludge_bomb,wrap",bellsprout_normal,,,,,
weepinbell,ウツドン,grass,poison,172,92,163,"bullet_seed_fast,acid_fast","power_whip,sludge_bomb,seed_bomb",,razor_leaf_fast,,VICTREEBEL,BELLSPROUT,1
weepinbell_normal,ウツドン,grass,poison,172,92,163,"bullet_seed_fast,acid_fast","power_whip,sludge_bomb,seed_bomb",weepinbell_normal,,,,,
victreebel,ウツボット,grass,poison,207,135,190,"razor_leaf_fast,acid_fast","leaf_blade,sludge_bomb,solar_beam,leaf_tornado,acid_spray",,magical_leaf_fast,,,WEEPINBELL,1
victreebel_normal,ウツボット,grass,poison,207,135,190,"razor_leaf_fast,acid_fast","leaf_blade,sludge_bomb,solar_beam,leaf_tornado,acid_spray",victreebel_normal,,,,,
tentacool,メノクラゲ,water,poison,97,149,120,"bubble_fast,poison_sting_fast","bubble_beam,water_pulse,wrap",,,,TENTACRUEL,,1
tentacool_normal,メノクラゲ,water,poison,97,149,120,"bubble_fast,poison_sting_fast","bubble_beam,water_pulse,wrap",tentacool_normal,,,,,
tentacruel,ドククラゲ,water,poison,166,209,190,"acid_fast,poison_jab_fast,poison_sting_fast","hydro_pump,sludge_wave,blizzard,acid_spray,scald,payback",,,,,TENTACOOL,1
tentacruel_normal,ドククラゲ,water,poison,166,209,190,"acid_fast,poison_jab_fast,poison_sting_fast","hydro_pump,sludge_wave,blizzard,acid_spray,scald,payback",tentacruel_normal,,,,,
geodude,イシツブテ,rock,ground,132,132,120,"rock_throw_fast,tackle_fast","rock_slide,rock_tomb,dig",,,,GRAVELER,,1
geodude_alola,イシツブテ,rock,electric,132,132,120,"rock_throw_fast,volt_switch_fast","rock_slide,rock_tomb,thunderbolt",geodude_alola,,,,,
geodude_normal,イシツブテ,rock,ground,132,132,120,"rock_throw_fast,tackle_fast","rock_slide,rock_tomb,dig",geodude_normal,,,,,
graveler,ゴローン,rock,ground,164,164,146,"rock_throw_fast,mud_slap_fast,mud_shot_fast","dig,stone_edge,rock_blast",,,rock_slide,GOLEM,GEODUDE,1
graveler_alola,ゴローン,rock,electric,164,164,146,"rock_throw_fast,volt_switch_fast","thunderbolt,stone_edge,rock_blast",graveler_alola,,,,,
graveler_normal,ゴローン,rock,ground,164,164,146,"rock_throw_fast,mud_slap_fast,mud_shot_fast","dig,stone_edge,rock_blast",graveler_normal,,,,,
golem,ゴローニャ,rock,ground,211,198,190,"rock_throw_fast,mud_slap_fast,mud_shot_fast","stone_edge,rock_blast,earthquake,ancient_power",,,,,GRAVELER,1
golem_alola,ゴローニャ,rock,electric,211,198,190,"rock_throw_fast,volt_switch_fast","stone_edge,rock_blast,wild_charge",golem_alola,,,,,
golem_normal,ゴローニャ,rock,ground,211,198,190,"rock_throw_fast,mud_slap_fast,mud_shot_fast","stone_edge,rock_blast,earthquake,ancient_power",golem_normal,,,,,
ponyta,ポニータ,fire,,170,127,137,"tackle_fast,ember_fast","flame_charge,flame_wheel,stomp",,,fire_blast,RAPIDASH,,1
ponyta_galarian,ポニータ,psychic,,170,127,137,"low_kick_fast,psycho_cut_fast","play_rough,psybeam,swift",ponyta_galarian,,,,,
ponyta_normal,ポニータ,fire,,170,127,137,"tackle_fast,ember_fast","flame_charge,flame_wheel,stomp",ponyta_normal,,,,,
rapidash,ギャロップ,fire,,207,162,163,"low_kick_fast,fire_spin_fast,incinerate_fast","fire_blast,drill_run,heat_wave,flame_charge,scorching_sands",,ember_fast,wild_charge,,PONYTA,1
rapidash_galarian,ギャロップ,psychic,fairy,207,162,163,"low_kick_fast,psycho_cut_fast,fairy_wind_fast","play_rough,psychic,body_slam,megahorn,high_horsepower",rapidash_galarian,,,,,
rapidash_normal,ギャロップ,fire,,207,162,163,"low_kick_fast,fire_spin_fast,incinerate_fast","fire_blast,drill_run,heat_wave,flame_charge,scorching_sands",rapidash_normal,,,,,
slowpoke,ヤドン,water,psychic,109,98,207,"water_gun_fast,confusion_fast","water_pulse,psyshock,psychic",,,,"SLOWBRO,SLOWKING",,1
slowpoke_2020,ヤドン,water,psychic,109,98,207,"water_gun_fast,confusion_fast","water_pulse,psyshock,psychic",slowpoke_2020,,,,,
slowpoke_galarian,ヤドン,psychic,,109,98,207,"confusion_fast,iron_tail_fast","surf,psyshock,psychic",slowpoke_galarian,,,,,
slowpoke_normal,ヤドン,water,psychic,109,98,207,"water_gun_fast,confusion_fast","water_pulse,psyshock,psychic",slowpoke_normal,,,,,
slowbro,ヤドラン,water,psychic,177,180,216,"water_gun_fast,confusion_fast","water_pulse,psychic,ice_beam,scald,drain_punch",,,surf,,SLOWPOKE,1
slowbro_2021,ヤドラン,water,psychic,177,180,216,"water_gun_fast,confusion_fast","water_pulse,psychic,ice_beam,scald,drain_punch",slowbro_2021,,,,,
slowbro_galarian,ヤドラン,poison,psychic,182,156,216,"confusion_fast,poison_jab_fast","focus_blast,psychic,sludge_bomb,scald,brutal_swing,drain_punch",slowbro_galarian,,,,,
slowbro_normal,ヤドラン,water,psychic,177,180,216,"water_gun_fast,confusion_fast","water_pulse,psychic,ice_beam,scald,drain_punch",slowbro_normal,,,,,
magnemite,コイル,electric,steel,165,121,93,"spark_fast,thunder_shock_fast,volt_switch_fast,metal_sound_fast","discharge,magnet_bomb,thunderbolt",,,,MAGNETON,,1
magnemite_normal,コイル,electric,steel,165,121,93,"spark_fast,thunder_shock_fast,volt_switch_fast,metal_sound_fast","discharge,magnet_bomb,thunderbolt",magnemite_normal,,,,,
magneton,レアコイル,electric,steel,223,169,137,"spark_fast,charge_beam_fast,thunder_shock_fast,volt_switch_fast,metal_sound_fast","zap_cannon,magnet_bomb,flash_cannon,discharge",,,,MAGNEZONE,MAGNEMITE,1
magneton_normal,レアコイル,electric,steel,223,169,137,"spark_fast,charge_beam_fast,thunder_shock_fast,volt_switch_fast,metal_sound_fast","zap_cannon,magnet_bomb,flash_cannon,discharge",magneton_normal,,,,,
farfetchd,カモネギ,normal,flying,124,115,141,"air_slash_fast,fury_cutter_fast","aerial_ace,air_cutter,leaf_blade",,cut_fast,,,,1
farfetchd_galarian,カモネギ(ガラル),fighting,,174,114,141,"rock_smash_fast,fury_cutter_fast","brick_break,brave_bird,leaf_blade",farfetchd_galarian,,,,,
farfetchd_normal,カモネギ,normal,flying,124,115,141,"air_slash_fast,fury_cutter_fast","aerial_ace,air_cutter,leaf_blade",farfetchd_normal,,,,,
doduo,ドードー,normal,flying,158,83,111,"peck_fast,quick_attack_fast","drill_peck,aerial_ace,brave_bird",,,swift,DODRIO,,1
doduo_normal,ドードー,normal,flying,158,83,111,"peck_fast,quick_attack_fast","drill_peck,aerial_ace,brave_bird",doduo_normal,,,,,
dodrio,ドードリオ,normal,flying,218,140,155,"feint_attack_fast,steel_wing_fast,peck_fast","drill_peck,aerial_ace,brave_bird,trailblaze",,,air_cutter,,DODUO,1
dodrio_normal,ドードリオ,normal,flying,218,140,155,"feint_attack_fast,steel_wing_fast,peck_fast","drill_peck,aerial_ace,brave_bird,trailblaze",dodrio_normal,,,,,
seel,パウワウ,water,,85,121,163,"ice_shard_fast,lick_fast","aurora_beam,icy_wind,aqua_tail",,water_gun_fast,aqua_jet,DEWGONG,,1
seel_normal,パウワウ,water,,85,121,163,"ice_shard_fast,lick_fast","aurora_beam,icy_wind,aqua_tail",seel_normal,,,,,
dewgong,ジュゴン,water,ice,139,177,207,"frost_breath_fast,iron_tail_fast","aurora_beam,water_pulse,blizzard,drill_run,liquidation",,ice_shard_fast,"aqua_jet,icy_wind",,SEEL,1
dewgong_normal,ジュゴン,water,ice,139,177,207,"frost_breath_fast,iron_tail_fast","aurora_beam,water_pulse,blizzard,drill_run,liquidation",dewgong_normal,,,,,
grimer,ベトベター,poison,,135,90,190,"poison_jab_fast,mud_slap_fast","sludge,mud_bomb,sludge_bomb",,,,MUK,,1
grimer_alola,ベトベター,poison,dark,135,90,190,"poison_jab_fast,bite_fast","crunch,gunk_shot,sludge_bomb",grimer_alola,,,,,
grimer_normal,ベトベター,poison,,135,90,190,"poison_jab_fast,mud_slap_fast","sludge,mud_bomb,sludge_bomb",grimer_normal,,,,,
muk,ベトベトン,poison,,190,172,233,"infestation_fast,poison_jab_fast","dark_pulse,gunk_shot,sludge_wave,thunder_punch,acid_spray",,lick_fast,,,GRIMER,1
muk_alola,ベトベトン,poison,dark,190,172,233,"bite_fast,poison_jab_fast,snarl_fast","dark_pulse,gunk_shot,sludge_wave,acid_spray",muk_alola,,,,,
muk_normal,ベトベトン,poison,,190,172,233,"infestation_fast,poison_jab_fast","dark_pulse,gunk_shot,sludge_wave,thunder_punch,acid_spray",muk_normal,,,,,
shellder,シェルダー,water,,116,134,102,"ice_shard_fast,tackle_fast","bubble_beam,water_pulse,icy_wind,razor_shell",,,,CLOYSTER,,1
shellder_normal,シェルダー,water,,116,134,102,"ice_shard_fast,tackle_fast","bubble_beam,water_pulse,icy_wind,razor_shell",shellder_normal,,,,,
cloyster,パルシェン,water,ice,186,256,137,"frost_breath_fast,ice_shard_fast","aurora_beam,hydro_pump,avalanche,icy_wind,liquidation,razor_shell",,,blizzard,,SHELLDER,1
cloyster_normal,パルシェン,water,ice,186,256,137,"frost_breath_fast,ice_shard_fast","aurora_beam,hydro_pump,avalanche,icy_wind,liquidation,razor_shell",cloyster_normal,,,,,
gastly,ゴース,ghost,poison,186,67,102,"lick_fast,astonish_fast","night_shade,dark_pulse,sludge_bomb",,sucker_punch_fast,ominous_wind,HAUNTER,,1
gastly_normal,ゴース,ghost,poison,186,67,102,"lick_fast,astonish_fast","night_shade,dark_pulse,sludge_bomb",gastly_normal,,,,,
haunter,ゴースト,ghost,poison,223,107,128,"shadow_claw_fast,astonish_fast","shadow_punch,dark_pulse,sludge_bomb,shadow_ball,ice_punch",,lick_fast,,GENGAR,GASTLY,1
haunter_normal,ゴースト,ghost,poison,223,107,128,"shadow_claw_fast,astonish_fast","shadow_punch,dark_pulse,sludge_bomb,shadow_ball,ice_punch",haunter_normal,,,,,
gengar,ゲンガー,ghost,poison,261,149,155,"sucker_punch_fast,hex_fast,shadow_claw_fast","shadow_ball,focus_blast,sludge_bomb,drain_punch",,lick_fast,"sludge_wave,dark_pulse,psychic,shadow_punch",,HAUNTER,1
gengar_costume_2020,ゲンガー,ghost,poison,261,149,155,"sucker_punch_fast,hex_fast,shadow_claw_fast","shadow_ball,focus_blast,sludge_bomb,drain_punch",gengar_costume_2020,,,,,
gengar_normal,ゲンガー,ghost,poison,261,149,155,"sucker_punch_fast,hex_fast,shadow_claw_fast","shadow_ball,focus_blast,sludge_bomb,drain_punch",gengar_normal,,,,,
onix,イワーク,rock,ground,85,232,111,"rock_throw_fast,tackle_fast","sand_tomb,stone_edge,heavy_slam,breaking_swipe",,,"iron_head,rock_slide",STEELIX,,1
onix_normal,イワーク,rock,ground,85,232,111,"rock_throw_fast,tackle_fast","sand_tomb,stone_edge,heavy_slam,breaking_swipe",onix_normal,,,,,
drowzee,スリープ,psychic,,89,136,155,"pound_fast,confusion_fast","psybeam,psyshock,psychic",,,,HYPNO,,1
drowzee_normal,スリープ,psychic,,89,136,155,"pound_fast,confusion_fast","psybeam,psyshock,psychic",drowzee_normal,,,,,
hypno,スリーパー,psychic,,144,193,198,"zen_headbutt_fast,confusion_fast","futuresight,psychic,focus_blast,fire_punch,ice_punch,thunder_punch,shadow_ball",,,psyshock,,DROWZEE,1
hypno_normal,スリーパー,psychic,,144,193,198,"zen_headbutt_fast,confusion_fast","futuresight,psychic,focus_blast,fire_punch,ice_punch,thunder_punch,shadow_ball",hypno_normal,,,,,
krabby,クラブ,water,,181,124,102,"bubble_fast,mud_shot_fast","vice_grip,bubble_beam,water_pulse,razor_shell",,,,KINGLER,,1
krabby_normal,クラブ,water,,181,124,102,"bubble_fast,mud_shot_fast","vice_grip,bubble_beam,water_pulse,razor_shell",krabby_normal,,,,,
kingler,キングラー,water,,240,181,146,"bubble_fast,metal_claw_fast","vice_grip,x_scissor,water_pulse,crabhammer,razor_shell",,mud_shot_fast,,,KRABBY,1
kingler_normal,キングラー,water,,240,181,146,"bubble_fast,metal_claw_fast","vice_grip,x_scissor,water_pulse,crabhammer,razor_shell",kingler_normal,,,,,
voltorb,ビリリダマ,electric,,109,111,120,"spark_fast,tackle_fast","discharge,thunderbolt,gyro_ball",,,signal_beam,ELECTRODE,,1
voltorb_hisuian,ビリリダマ,electric,grass,109,111,120,"charge_beam_fast,tackle_fast","swift,thunderbolt,energy_ball",voltorb_hisuian,,,,,
voltorb_normal,ビリリダマ,electric,,109,111,120,"spark_fast,tackle_fast","discharge,thunderbolt,gyro_ball",voltorb_normal,,,,,
electrode,マルマイン,electric,,173,173,155,"spark_fast,volt_switch_fast","discharge,thunderbolt,hyper_beam,foul_play",,tackle_fast,,,VOLTORB,1
electrode_hisuian,マルマイン,electric,grass,176,176,155,"thunder_shock_fast,tackle_fast","swift,wild_charge,energy_ball",electrode_hisuian,,,,,
electrode_normal,マルマイン,electric,,173,173,155,"spark_fast,volt_switch_fast","discharge,thunderbolt,hyper_beam,foul_play",electrode_normal,,,,,
exeggcute,タマタマ,grass,psychic,107,125,155,"confusion_fast,bullet_seed_fast","seed_bomb,psychic,ancient_power",,,,EXEGGUTOR,,1
exeggcute_normal,タマタマ,grass,psychic,107,125,155,"confusion_fast,bullet_seed_fast","seed_bomb,psychic,ancient_power",exeggcute_normal,,,,,
exeggutor,ナッシー,grass,psychic,233,149,216,"bullet_seed_fast,extrasensory_fast,confusion_fast","seed_bomb,psychic,solar_beam",,zen_headbutt_fast,,,EXEGGCUTE,1
exeggutor_alola,ナッシー,grass,dragon,230,153,216,"bullet_seed_fast,dragon_tail_fast","seed_bomb,dragon_pulse,solar_beam",exeggutor_alola,,,,,
exeggutor_normal,ナッシー,grass,psychic,233,149,216,"bullet_seed_fast,extrasensory_fast,confusion_fast","seed_bomb,psychic,solar_beam",exeggutor_normal,,,,,
cubone,カラカラ,ground,,90,144,137,"mud_slap_fast,rock_smash_fast","bone_club,dig,bulldoze",,,,MAROWAK,,1
cubone_normal,カラカラ,ground,,90,144,137,"mud_slap_fast,rock_smash_fast","bone_club,dig,bulldoze",cubone_normal,,,,,
marowak,ガラガラ,ground,,144,186,155,"mud_slap_fast,rock_smash_fast","bone_club,dig,earthquake,rock_slide",,,,,CUBONE,1
marowak_alola,ガラガラ,fire,ghost,144,186,155,"hex_fast,rock_smash_fast,fire_spin_fast","bone_club,shadow_ball,fire_blast,flame_wheel",marowak_alola,,,,,
marowak_normal,ガラガラ,ground,,144,186,155,"mud_slap_fast,rock_smash_fast","bone_club,dig,earthquake,rock_slide",marowak_normal,,,,,
hitmonlee,サワムラー,fighting,,224,181,137,"low_kick_fast,rock_smash_fast,double_kick_fast","close_combat,low_sweep,stone_edge,blaze_kick",,,"stomp,brick_break",,TYROGUE,1
hitmonlee_normal,サワムラー,fighting,,224,181,137,"low_kick_fast,rock_smash_fast,double_kick_fast","close_combat,low_sweep,stone_edge,blaze_kick",hitmonlee_normal,,,,,
hitmonchan,エビワラー,fighting,,193,197,137,"bullet_punch_fast,counter_fast","fire_punch,ice_punch,thunder_punch,close_combat,power_up_punch",,rock_smash_fast,brick_break,,TYROGUE,1
hitmonchan_normal,エビワラー,fighting,,193,197,137,"bullet_punch_fast,counter_fast","fire_punch,ice_punch,thunder_punch,close_combat,power_up_punch",hitmonchan_normal,,,,,
lickitung,ベロリンガ,normal,,108,137,207,"lick_fast,zen_headbutt_fast","hyper_beam,stomp,power_whip,wrap",,,body_slam,LICKILICKY,,1
lickitung_normal,ベロリンガ,normal,,108,137,207,"lick_fast,zen_headbutt_fast","hyper_beam,stomp,power_whip,wrap",lickitung_normal,,,,,
koffing,ドガース,poison,,119,141,120,"tackle_fast,infestation_fast","sludge,sludge_bomb,dark_pulse",,,,WEEZING,,1
koffing_normal,ドガース,poison,,119,141,120,"tackle_fast,infestation_fast","sludge,sludge_bomb,dark_pulse",koffing_normal,,,,,
weezing,マタドガス,poison,,174,197,163,"tackle_fast,infestation_fast,rollout_fast","sludge_bomb,shadow_ball,dark_pulse,thunderbolt",,,,,KOFFING,1
weezing_galarian,マタドガス,poison,fairy,174,197,163,"tackle_fast,fairy_wind_fast","sludge,hyper_beam,play_rough,overheat,brutal_swing",weezing_galarian,,,,,
weezing_normal,マタドガス,poison,,174,197,163,"tackle_fast,infestation_fast,rollout_fast","sludge_bomb,shadow_ball,dark_pulse,thunderbolt",weezing_normal,,,,,
rhyhorn,サイホーン,ground,rock,140,127,190,"mud_slap_fast,rock_smash_fast","bulldoze,horn_attack,stomp",,,,RHYDON,,1
rhyhorn_normal,サイホーン,ground,rock,140,127,190,"mud_slap_fast,rock_smash_fast","bulldoze,horn_attack,stomp",rhyhorn_normal,,,,,
rhydon,サイドン,ground,rock,222,171,233,"mud_slap_fast,rock_smash_fast","surf,earthquake,stone_edge,breaking_swipe",,,megahorn,RHYPERIOR,RHYHORN,1
rhydon_normal,サイドン,ground,rock,222,171,233,"mud_slap_fast,rock_smash_fast","surf,earthquake,stone_edge,breaking_swipe",rhydon_normal,,,,,
chansey,ラッキー,normal,,60,128,487,"pound_fast,zen_headbutt_fast","psychic,hyper_beam,dazzling_gleam",,,,BLISSEY,HAPPINY,1
chansey_normal,ラッキー,normal,,60,128,487,"pound_fast,zen_headbutt_fast","psychic,hyper_beam,dazzling_gleam",chansey_normal,,,,,
tangela,モンジャラ,grass,,183,169,163,"vine_whip_fast,infestation_fast","grass_knot,sludge_bomb,solar_beam",,,power_whip,TANGROWTH,,1
tangela_normal,モンジャラ,grass,,183,169,163,"vine_whip_fast,infestation_fast","grass_knot,sludge_bomb,solar_beam",tangela_normal,,,,,
kangaskhan,ガルーラ,normal,,181,165,233,"mud_slap_fast,low_kick_fast","crunch,earthquake,outrage,power_up_punch",,,"brick_break,stomp",,,1
kangaskhan_normal,ガルーラ,normal,,181,165,233,"mud_slap_fast,low_kick_fast","crunch,earthquake,outrage,power_up_punch",kangaskhan_normal,,,,,
horsea,タッツー,water,,129,103,102,"water_gun_fast,bubble_fast","bubble_beam,dragon_pulse,flash_cannon",,,,SEADRA,,1
horsea_normal,タッツー,water,,129,103,102,"water_gun_fast,bubble_fast","bubble_beam,dragon_pulse,flash_cannon",horsea_normal,,,,,
seadra,シードラ,water,,187,156,146,"water_gun_fast,dragon_breath_fast","aurora_beam,dragon_pulse,hydro_pump",,,blizzard,KINGDRA,HORSEA,1
seadra_normal,シードラ,water,,187,156,146,"water_gun_fast,dragon_breath_fast","aurora_beam,dragon_pulse,hydro_pump",seadra_normal,,,,,
goldeen,トサキント,water,,123,110,128,"peck_fast,mud_shot_fast","water_pulse,horn_attack,aqua_tail",,,,SEAKING,,1
goldeen_normal,トサキント,water,,123,110,128,"peck_fast,mud_shot_fast","water_pulse,horn_attack,aqua_tail",goldeen_normal,,,,,
seaking,アズマオウ,water,,175,147,190,"peck_fast,waterfall_fast","ice_beam,water_pulse,megahorn",,poison_jab_fast,"icy_wind,drill_run",,GOLDEEN,1
seaking_normal,アズマオウ,water,,175,147,190,"peck_fast,waterfall_fast","ice_beam,water_pulse,megahorn",seaking_normal,,,,,
staryu,ヒトデマン,water,,137,112,102,"tackle_fast,water_gun_fast","swift,bubble_beam,power_gem",,,,STARMIE,,1
staryu_normal,ヒトデマン,water,,137,112,102,"tackle_fast,water_gun_fast","swift,bubble_beam,power_gem",staryu_normal,,,,,
starmie,スターミー,water,psychic,210,184,155,"hidden_power_fast,water_gun_fast,psywave_fast","hydro_pump,power_gem,psychic,thunder,ice_beam,psybeam,surf",,tackle_fast,,,STARYU,1
starmie_normal,スターミー,water,psychic,210,184,155,"hidden_power_fast,water_gun_fast,psywave_fast","hydro_pump,power_gem,psychic,thunder,ice_beam,psybeam,surf",starmie_normal,,,,,
mr_mime,バリヤード,psychic,fairy,192,205,120,"confusion_fast,zen_headbutt_fast,magical_leaf_fast,psywave_fast","psybeam,psychic,shadow_ball",,,,,MIME_JR,1
mr_mime_galarian,バリヤード(ガラル),ice,psychic,183,169,137,"confusion_fast,zen_headbutt_fast","psybeam,psychic,ice_punch,triple_axel",mr_mime_galarian,,,,,
mr_mime_normal,バリヤード,psychic,fairy,192,205,120,"confusion_fast,zen_headbutt_fast,magical_leaf_fast,psywave_fast","psybeam,psychic,shadow_ball",mr_mime_normal,,,,,
scyther,ストライク,bug,flying,218,170,172,"fury_cutter_fast,air_slash_fast","night_slash,x_scissor,aerial_ace,trailblaze",,steel_wing_fast,bug_buzz,SCIZOR,,1
scyther_normal,ストライク,bug,flying,218,170,172,"fury_cutter_fast,air_slash_fast","night_slash,x_scissor,aerial_ace,trailblaze",scyther_normal,,,,,
jynx,ルージュラ,ice,psychic,223,151,163,"frost_breath_fast,confusion_fast","draining_kiss,avalanche,psyshock,focus_blast",,pound_fast,ice_punch,,SMOOCHUM,1
jynx_normal,ルージュラ,ice,psychic,223,151,163,"frost_breath_fast,confusion_fast","draining_kiss,avalanche,psyshock,focus_blast",jynx_normal,,,,,
electabuzz,エレブー,electric,,198,158,163,"thunder_shock_fast,low_kick_fast","thunder_punch,thunderbolt,thunder",,,,ELECTIVIRE,ELEKID,1
electabuzz_normal,エレブー,electric,,198,158,163,"thunder_shock_fast,low_kick_fast","thunder_punch,thunderbolt,thunder",electabuzz_normal,,,,,
magmar,ブーバー,fire,,206,154,163,"ember_fast,karate_chop_fast","fire_blast,fire_punch,flamethrower,scorching_sands",,,,MAGMORTAR,MAGBY,1
magmar_normal,ブーバー,fire,,206,154,163,"ember_fast,karate_chop_fast","fire_blast,fire_punch,flamethrower,scorching_sands",magmar_normal,,,,,
pinsir,カイロス,bug,,238,182,163,"rock_smash_fast,bug_bite_fast,fury_cutter_fast","vice_grip,x_scissor,close_combat,super_power",,,submission,,,1
pinsir_normal,カイロス,bug,,238,182,163,"rock_smash_fast,bug_bite_fast,fury_cutter_fast","vice_grip,x_scissor,close_combat,super_power",pinsir_normal,,,,,
tauros,ケンタロス,normal,,198,183,181,"tackle_fast,zen_headbutt_fast","horn_attack,iron_head,earthquake,trailblaze",,,,,,1
tauros_normal,ケンタロス,normal,,198,183,181,"tackle_fast,zen_headbutt_fast","horn_attack,iron_head,earthquake,trailblaze",tauros_normal,,,,,
tauros_paldea_aqua,ケンタロス,fighting,water,210,193,181,"tackle_fast,zen_headbutt_fast,double_kick_fast","iron_head,earthquake,trailblaze,aqua_jet",tauros_paldea_aqua,,,,,
tauros_paldea_blaze,ケンタロス,fighting,fire,210,193,181,"tackle_fast,zen_headbutt_fast,double_kick_fast","iron_head,earthquake,trailblaze,flame_charge",tauros_paldea_blaze,,,,,
tauros_paldea_combat,ケンタロス,fighting,,210,193,181,"tackle_fast,zen_headbutt_fast,double_kick_fast","iron_head,earthquake,trailblaze,close_combat",tauros_paldea_combat,,,,,
magikarp,コイキング,water,,29,85,85,splash_fast,struggle,,,,GYARADOS,,1
magikarp_normal,コイキング,water,,29,85,85,splash_fast,struggle,magikarp_normal,,,,,
gyarados,ギャラドス,water,flying,237,186,216,"bite_fast,waterfall_fast,dragon_breath_fast","hydro_pump,crunch,outrage,twister",,dragon_tail_fast,"dragon_pulse,aqua_tail",,MAGIKARP,1
gyarados_normal,ギャラドス,water,flying,237,186,216,"bite_fast,waterfall_fast,dragon_breath_fast","hydro_pump,crunch,outrage,twister",gyarados_normal,,,,,
lapras,ラプラス,water,ice,165,174,277,"frost_breath_fast,water_gun_fast,psywave_fast","hydro_pump,surf,blizzard,skull_bash,sparkling_aria",,ice_shard_fast,"dragon_pulse,ice_beam",,,1
lapras_costume_2020,ラプラス,water,ice,165,174,277,"frost_breath_fast,water_gun_fast,psywave_fast","hydro_pump,surf,blizzard,skull_bash,sparkling_aria",lapras_costume_2020,,,,,
lapras_normal,ラプラス,water,ice,165,174,277,"frost_breath_fast,water_gun_fast,psywave_fast","hydro_pump,surf,blizzard,skull_bash,sparkling_aria",lapras_normal,,,,,
ditto,メタモン,normal,,91,91,134,transform_fast,struggle,,,,,,1
ditto_normal,メタモン,normal,,91,91,134,transform_fast,struggle,ditto_normal,,,,,
eevee,イーブイ,normal,,104,114,146,"quick_attack_fast,tackle_fast","dig,swift",,,"last_resort,body_slam","VAPOREON,JOLTEON,FLAREON,ESPEON,UMBREON,LEAFEON,GLACEON,SYLVEON",,1
eevee_gofest_2024_mtiara,イーブイ,normal,,104,114,146,"quick_attack_fast,tackle_fast","dig,swift",eevee_gofest_2024_mtiara,,,,,
eevee_gofest_2024_stiara,イーブイ,normal,,104,114,146,"quick_attack_fast,tackle_fast","dig,swift",eevee_gofest_2024_stiara,,,,,
eevee_normal,イーブイ,normal,,104,114,146,"quick_attack_fast,tackle_fast","dig,swift",eevee_normal,,,,,
vaporeon,シャワーズ,water,,205,161,277,water_gun_fast,"water_pulse,hydro_pump,aqua_tail,liquidation",,,"last_resort,scald",,EEVEE,1
vaporeon_normal,シャワーズ,water,,205,161,277,water_gun_fast,"water_pulse,hydro_pump,aqua_tail,liquidation",vaporeon_normal,,,,,
jolteon,サンダース,electric,,232,182,163,"thunder_shock_fast,volt_switch_fast","discharge,thunderbolt,thunder",,,"last_resort,zap_cannon",,EEVEE,1
jolteon_normal,サンダース,electric,,232,182,163,"thunder_shock_fast,volt_switch_fast","discharge,thunderbolt,thunder",jolteon_normal,,,,,
flareon,ブースター,fire,,246,179,163,"ember_fast,fire_spin_fast","fire_blast,flamethrower,overheat",,,"last_resort,heat_wave,super_power",,EEVEE,1
flareon_normal,ブースター,fire,,246,179,163,"ember_fast,fire_spin_fast","fire_blast,flamethrower,overheat",flareon_normal,,,,,
porygon,ポリゴン,normal,,153,136,163,"charge_beam_fast,hidden_power_fast","solar_beam,hyper_beam,zap_cannon",,"tackle_fast,zen_headbutt_fast","signal_beam,psybeam,discharge",PORYGON2,,1
porygon_normal,ポリゴン,normal,,153,136,163,"charge_beam_fast,hidden_power_fast","solar_beam,hyper_beam,zap_cannon",porygon_normal,,,,,
omanyte,オムナイト,rock,water,155,153,111,"water_gun_fast,mud_shot_fast","ancient_power,bubble_beam,rock_blast",,,"rock_tomb,brine",OMASTAR,,1
omanyte_normal,オムナイト,rock,water,155,153,111,"water_gun_fast,mud_shot_fast","ancient_power,bubble_beam,rock_blast",omanyte_normal,,,,,
omastar,オムスター,rock,water,207,201,172,"mud_shot_fast,water_gun_fast","ancient_power,hydro_pump,rock_blast",,rock_throw_fast,rock_slide,,OMANYTE,1
omastar_normal,オムスター,rock,water,207,201,172,"mud_shot_fast,water_gun_fast","ancient_power,hydro_pump,rock_blast",omastar_normal,,,,,
kabuto,カブト,rock,water,148,140,102,"scratch_fast,mud_shot_fast","ancient_power,aqua_jet,rock_tomb",,,,KABUTOPS,,1
kabuto_normal,カブト,rock,water,148,140,102,"scratch_fast,mud_shot_fast","ancient_power,aqua_jet,rock_tomb",kabuto_normal,,,,,
kabutops,カブトプス,rock,water,220,186,155,"mud_shot_fast,rock_smash_fast,waterfall_fast","ancient_power,water_pulse,stone_edge",,fury_cutter_fast,,,KABUTO,1
kabutops_normal,カブトプス,rock,water,220,186,155,"mud_shot_fast,rock_smash_fast,waterfall_fast","ancient_power,water_pulse,stone_edge",kabutops_normal,,,,,
aerodactyl,プテラ,rock,flying,221,159,190,"steel_wing_fast,bite_fast,rock_throw_fast,dragon_breath_fast","ancient_power,iron_head,hyper_beam,rock_slide,earth_power",,,,,,1
aerodactyl_normal,プテラ,rock,flying,221,159,190,"steel_wing_fast,bite_fast,rock_throw_fast,dragon_breath_fast","ancient_power,iron_head,hyper_beam,rock_slide,earth_power",aerodactyl_normal,,,,,
aerodactyl_summer_2023,プテラ,rock,flying,221,159,190,"steel_wing_fast,bite_fast,rock_throw_fast,dragon_breath_fast","ancient_power,iron_head,hyper_beam,rock_slide,earth_power",aerodactyl_summer_2023,,,,,
snorlax,カビゴン,normal,,190,169,330,"zen_headbutt_fast,lick_fast","heavy_slam,hyper_beam,earthquake,outrage,skull_bash,body_slam,super_power",,yawn_fast,,,MUNCHLAX,1
snorlax_normal,カビゴン,normal,,190,169,330,"zen_headbutt_fast,lick_fast","heavy_slam,hyper_beam,earthquake,outrage,skull_bash,body_slam,super_power",snorlax_normal,,,,,
snorlax_wildarea_2024,カビゴン,normal,,190,169,330,"zen_headbutt_fast,lick_fast","heavy_slam,hyper_beam,earthquake,outrage,skull_bash,body_slam,super_power",snorlax_wildarea_2024,,,,,
articuno,フリーザー,ice,flying,192,236,207,"frost_breath_fast,ice_shard_fast,powder_snow_fast","ice_beam,icy_wind,blizzard,ancient_power,triple_axel",,,hurricane,,,1
articuno_galarian,フリーザー,psychic,flying,250,197,207,"confusion_fast,psycho_cut_fast","futuresight,ancient_power,brave_bird,fly",articuno_galarian,,,,,
articuno_normal,フリーザー,ice,flying,192,236,207,"frost_breath_fast,ice_shard_fast,powder_snow_fast","ice_beam,icy_wind,blizzard,ancient_power,triple_axel",articuno_normal,,,,,
zapdos,サンダー,electric,flying,253,185,207,charge_beam_fast,"zap_cannon,thunderbolt,thunder,ancient_power,drill_peck,heat_wave",,thunder_shock_fast,,,,1
zapdos_galarian,サンダー,fighting,flying,252,189,207,counter_fast,"close_combat,ancient_power,brave_bird,fly",zapdos_galarian,,,,,
zapdos_normal,サンダー,electric,flying,253,185,207,charge_beam_fast,"zap_cannon,thunderbolt,thunder,ancient_power,drill_peck,heat_wave",zapdos_normal,,,,,
moltres,ファイヤー,fire,flying,251,181,207,"fire_spin_fast,wing_attack_fast","fire_blast,heat_wave,overheat,ancient_power,fly",,,sky_attack,,,1
moltres_galarian,ファイヤー,dark,flying,202,231,207,"sucker_punch_fast,wing_attack_fast","payback,ancient_power,brave_bird,fly",moltres_galarian,,,,,
moltres_normal,ファイヤー,fire,flying,251,181,207,"fire_spin_fast,wing_attack_fast","fire_blast,heat_wave,overheat,ancient_power,fly",moltres_normal,,,,,
dratini,ミニリュウ,dragon,,119,91,121,"dragon_breath_fast,iron_tail_fast","wrap,twister,aqua_tail",,,,DRAGONAIR,,1
dratini_normal,ミニリュウ,dragon,,119,91,121,"dragon_breath_fast,iron_tail_fast","wrap,twister,aqua_tail",dratini_normal,,,,,
dragonair,ハクリュー,dragon,,163,135,156,"dragon_breath_fast,iron_tail_fast","wrap,aqua_tail,dragon_pulse,body_slam",,,,DRAGONITE,DRATINI,1
dragonair_normal,ハクリュー,dragon,,163,135,156,"dragon_breath_fast,iron_tail_fast","wrap,aqua_tail,dragon_pulse,body_slam",dragonair_normal,,,,,
dragonite,カイリュー,dragon,flying,263,198,209,"dragon_tail_fast,steel_wing_fast,dragon_breath_fast","hurricane,hyper_beam,outrage,dragon_claw,super_power,thunder_punch",,,"draco_meteor,dragon_pulse",,DRAGONAIR,1
dragonite_normal,カイリュー,dragon,flying,263,198,209,"dragon_tail_fast,steel_wing_fast,dragon_breath_fast","hurricane,hyper_beam,outrage,dragon_claw,super_power,thunder_punch",dragonite_normal,,,,,
mewtwo,ミュウツー,psychic,,300,182,214,"psycho_cut_fast,confusion_fast","psychic,thunderbolt,ice_beam,focus_blast,flamethrower",,,"psystrike,shadow_ball,hyper_beam",,,1
mewtwo_a,ミュウツー,psychic,,182,278,214,"confusion_fast,iron_tail_fast","rock_slide,dynamic_punch,earthquake,futuresight",mewtwo_a,,,,,
mewtwo_normal,ミュウツー,psychic,,300,182,214,"psycho_cut_fast,confusion_fast","psychic,thunderbolt,ice_beam,focus_blast,flamethrower",mewtwo_normal,,,,,
mew,ミュウ,psychic,,210,210,225,"pound_fast,steel_wing_fast,charge_beam_fast,shadow_claw_fast,volt_switch_fast,struggle_bug_fast,frost_breath_fast,dragon_tail_fast,infestation_fast,poison_jab_fast,rock_smash_fast,snarl_fast,cut_fast,waterfall_fast","psychic,ancient_power,dragon_claw,psyshock,ice_beam,blizzard,hyper_beam,solar_beam,thunderbolt,thunder,flame_charge,low_sweep,overheat,focus_blast,energy_ball,stone_edge,gyro_ball,bulldoze,rock_slide,grass_knot,flash_cannon,wild_charge,dark_pulse,dazzling_gleam,surf",,,,,,1
mew_normal,ミュウ,psychic,,210,210,225,"pound_fast,steel_wing_fast,charge_beam_fast,shadow_claw_fast,volt_switch_fast,struggle_bug_fast,frost_breath_fast,dragon_tail_fast,infestation_fast,poison_jab_fast,rock_smash_fast,snarl_fast,cut_fast,waterfall_fast","psychic,ancient_power,dragon_claw,psyshock,ice_beam,blizzard,hyper_beam,solar_beam,thunderbolt,thunder,flame_charge,low_sweep,overheat,focus_blast,energy_ball,stone_edge,gyro_ball,bulldoze,rock_slide,grass_knot,flash_cannon,wild_charge,dark_pulse,dazzling_gleam,surf",mew_normal,,,,,
chikorita,チコリータ,grass,,92,122,128,"vine_whip_fast,tackle_fast,magical_leaf_fast","energy_ball,grass_knot,body_slam",,,,BAYLEEF,,
chikorita_normal,チコリータ,grass,,92,122,128,"vine_whip_fast,tackle_fast,magical_leaf_fast","energy_ball,grass_knot,body_slam",chikorita_normal,,,,,
bayleef,ベイリーフ,grass,,122,155,155,"razor_leaf_fast,tackle_fast,magical_leaf_fast","energy_ball,grass_knot,ancient_power",,,,MEGANIUM,CHIKORITA,
bayleef_normal,ベイリーフ,grass,,122,155,155,"razor_leaf_fast,tackle_fast,magical_leaf_fast","energy_ball,grass_knot,ancient_power",bayleef_normal,,,,,
meganium,メガニウム,grass,,168,202,190,"razor_leaf_fast,vine_whip_fast,magical_leaf_fast","petal_blizzard,solar_beam,earthquake",,,frenzy_plant,,BAYLEEF,
meganium_normal,メガニウム,grass,,168,202,190,"razor_leaf_fast,vine_whip_fast,magical_leaf_fast","petal_blizzard,solar_beam,earthquake",meganium_normal,,,,,
cyndaquil,ヒノアラシ,fire,,116,93,118,"ember_fast,tackle_fast","flame_charge,swift,flamethrower",,,,QUILAVA,,
cyndaquil_normal,ヒノアラシ,fire,,116,93,118,"ember_fast,tackle_fast","flame_charge,swift,flamethrower",cyndaquil_normal,,,,,
quilava,マグマラシ,fire,,158,126,151,"ember_fast,tackle_fast","flame_charge,dig,flamethrower",,,,TYPHLOSION,CYNDAQUIL,
quilava_normal,マグマラシ,fire,,158,126,151,"ember_fast,tackle_fast","flame_charge,dig,flamethrower",quilava_normal,,,,,
typhlosion,バクフーン,fire,,223,173,186,"ember_fast,shadow_claw_fast,incinerate_fast","fire_blast,overheat,solar_beam,thunder_punch",,,blast_burn,,QUILAVA,
typhlosion_hisuian,バクフーン,fire,ghost,238,172,177,"hex_fast,ember_fast","fire_punch,wild_charge,shadow_ball,overheat,night_shade",typhlosion_hisuian,,,,,
typhlosion_normal,バクフーン,fire,,223,173,186,"ember_fast,shadow_claw_fast,incinerate_fast","fire_blast,overheat,solar_beam,thunder_punch",typhlosion_normal,,,,,
totodile,ワニノコ,water,,117,109,137,"water_gun_fast,scratch_fast","crunch,aqua_jet,water_pulse",,,,CROCONAW,,
totodile_normal,ワニノコ,water,,117,109,137,"water_gun_fast,scratch_fast","crunch,aqua_jet,water_pulse",totodile_normal,,,,,
croconaw,アリゲイツ,water,,150,142,163,"water_gun_fast,scratch_fast","crunch,ice_punch,water_pulse",,,,FERALIGATR,TOTODILE,
croconaw_normal,アリゲイツ,water,,150,142,163,"water_gun_fast,scratch_fast","crunch,ice_punch,water_pulse",croconaw_normal,,,,,
feraligatr,オーダイル,water,,205,188,198,"waterfall_fast,bite_fast,ice_fang_fast,shadow_claw_fast","crunch,hydro_pump,ice_beam",,water_gun_fast,hydro_cannon,,CROCONAW,
feraligatr_normal,オーダイル,water,,205,188,198,"waterfall_fast,bite_fast,ice_fang_fast,shadow_claw_fast","crunch,hydro_pump,ice_beam",feraligatr_normal,,,,,
sentret,オタチ,normal,,79,73,111,"scratch_fast,quick_attack_fast","dig,brick_break,grass_knot",,,,FURRET,,
sentret_normal,オタチ,normal,,79,73,111,"scratch_fast,quick_attack_fast","dig,brick_break,grass_knot",sentret_normal,,,,,
furret,オオタチ,normal,,148,125,198,"quick_attack_fast,sucker_punch_fast","dig,brick_break,hyper_beam,swift,trailblaze",,,,,SENTRET,
furret_normal,オオタチ,normal,,148,125,198,"quick_attack_fast,sucker_punch_fast","dig,brick_break,hyper_beam,swift,trailblaze",furret_normal,,,,,
hoothoot,ホーホー,normal,flying,67,88,155,"feint_attack_fast,peck_fast","aerial_ace,sky_attack,night_shade",,,,NOCTOWL,,
hoothoot_normal,ホーホー,normal,flying,67,88,155,"feint_attack_fast,peck_fast","aerial_ace,sky_attack,night_shade",hoothoot_normal,,,,,
noctowl,ヨルノズク,normal,flying,145,156,225,"wing_attack_fast,extrasensory_fast","psychic,sky_attack,night_shade,shadow_ball",,,,,HOOTHOOT,
noctowl_normal,ヨルノズク,normal,flying,145,156,225,"wing_attack_fast,extrasensory_fast","psychic,sky_attack,night_shade,shadow_ball",noctowl_normal,,,,,
ledyba,レディバ,bug,flying,72,118,120,"tackle_fast,bug_bite_fast","silver_wind,swift,aerial_ace",,,,LEDIAN,,
ledyba_normal,レディバ,bug,flying,72,118,120,"tackle_fast,bug_bite_fast","silver_wind,swift,aerial_ace",ledyba_normal,,,,,
ledian,レディアン,bug,flying,107,179,146,"struggle_bug_fast,bug_bite_fast,counter_fast","bug_buzz,silver_wind,aerial_ace,dynamic_punch",,,,,LEDYBA,
ledian_normal,レディアン,bug,flying,107,179,146,"struggle_bug_fast,bug_bite_fast,counter_fast","bug_buzz,silver_wind,aerial_ace,dynamic_punch",ledian_normal,,,,,
spinarak,イトマル,bug,poison,105,73,120,"poison_sting_fast,bug_bite_fast","night_slash,signal_beam,cross_poison",,,,ARIADOS,,
spinarak_normal,イトマル,bug,poison,105,73,120,"poison_sting_fast,bug_bite_fast","night_slash,signal_beam,cross_poison",spinarak_normal,,,,,
ariados,アリアドス,bug,poison,161,124,172,"poison_sting_fast,infestation_fast","shadow_sneak,megahorn,cross_poison,lunge,trailblaze",,,,,SPINARAK,
ariados_normal,アリアドス,bug,poison,161,124,172,"poison_sting_fast,infestation_fast","shadow_sneak,megahorn,cross_poison,lunge,trailblaze",ariados_normal,,,,,
crobat,クロバット,poison,flying,194,178,198,"air_slash_fast,bite_fast","shadow_ball,air_cutter,sludge_bomb,poison_fang,cross_poison",,,,,GOLBAT,
crobat_normal,クロバット,poison,flying,194,178,198,"air_slash_fast,bite_fast","shadow_ball,air_cutter,sludge_bomb,poison_fang,cross_poison",crobat_normal,,,,,
chinchou,チョンチー,water,electric,106,97,181,"bubble_fast,spark_fast","water_pulse,thunderbolt,bubble_beam",,,,LANTURN,,
chinchou_normal,チョンチー,water,electric,106,97,181,"bubble_fast,spark_fast","water_pulse,thunderbolt,bubble_beam",chinchou_normal,,,,,
lanturn,ランターン,water,electric,146,137,268,"water_gun_fast,charge_beam_fast,spark_fast","hydro_pump,thunderbolt,thunder,surf",,,,,CHINCHOU,
lanturn_normal,ランターン,water,electric,146,137,268,"water_gun_fast,charge_beam_fast,spark_fast","hydro_pump,thunderbolt,thunder,surf",lanturn_normal,,,,,
pichu,ピチュー,electric,,77,53,85,thunder_shock_fast,"thunderbolt,disarming_voice,thunder_punch",,,,PIKACHU,,
pichu_normal,ピチュー,electric,,77,53,85,thunder_shock_fast,"thunderbolt,disarming_voice,thunder_punch",pichu_normal,,,,,
cleffa,ピィ,fairy,,75,79,137,"pound_fast,zen_headbutt_fast","grass_knot,psyshock,signal_beam,swift",,,"psychic,body_slam",CLEFAIRY,,
cleffa_normal,ピィ,fairy,,75,79,137,"pound_fast,zen_headbutt_fast","grass_knot,psyshock,signal_beam,swift",cleffa_normal,,,,,
igglybuff,ププリン,normal,fairy,69,32,207,"pound_fast,feint_attack_fast","wild_charge,shadow_ball,psychic,swift",,,body_slam,JIGGLYPUFF,,
igglybuff_normal,ププリン,normal,fairy,69,32,207,"pound_fast,feint_attack_fast","wild_charge,shadow_ball,psychic,swift",igglybuff_normal,,,,,
togepi,トゲピー,fairy,,67,116,111,"hidden_power_fast,peck_fast","ancient_power,psyshock,dazzling_gleam",,zen_headbutt_fast,,TOGETIC,,
togepi_normal,トゲピー,fairy,,67,116,111,"hidden_power_fast,peck_fast","ancient_power,psyshock,dazzling_gleam",togepi_normal,,,,,
togetic,トゲチック,fairy,flying,139,181,146,"extrasensory_fast,hidden_power_fast,fairy_wind_fast","ancient_power,dazzling_gleam,aerial_ace,draining_kiss,psyshock,heat_wave",,"steel_wing_fast,zen_headbutt_fast",,TOGEKISS,TOGEPI,
togetic_normal,トゲチック,fairy,flying,139,181,146,"extrasensory_fast,hidden_power_fast,fairy_wind_fast","ancient_power,dazzling_gleam,aerial_ace,draining_kiss,psyshock,heat_wave",togetic_normal,,,,,
natu,ネイティ,psychic,flying,134,89,120,"peck_fast,quick_attack_fast","night_shade,psyshock,drill_peck",,,,XATU,,
natu_normal,ネイティ,psychic,flying,134,89,120,"peck_fast,quick_attack_fast","night_shade,psyshock,drill_peck",natu_normal,,,,,
xatu,ネイティオ,psychic,flying,192,146,163,"air_slash_fast,feint_attack_fast,peck_fast","ominous_wind,futuresight,aerial_ace,psyshock",,,,,NATU,
xatu_normal,ネイティオ,psychic,flying,192,146,163,"air_slash_fast,feint_attack_fast,peck_fast","ominous_wind,futuresight,aerial_ace,psyshock",xatu_normal,,,,,
mareep,メリープ,electric,,114,79,146,"tackle_fast,thunder_shock_fast","body_slam,thunderbolt,discharge,trailblaze",,,,FLAAFFY,,
mareep_normal,メリープ,electric,,114,79,146,"tackle_fast,thunder_shock_fast","body_slam,thunderbolt,discharge,trailblaze",mareep_normal,,,,,
flaaffy,モココ,electric,,145,109,172,"tackle_fast,charge_beam_fast","power_gem,thunderbolt,discharge,trailblaze",,,,AMPHAROS,MAREEP,
flaaffy_normal,モココ,electric,,145,109,172,"tackle_fast,charge_beam_fast","power_gem,thunderbolt,discharge,trailblaze",flaaffy_normal,,,,,
ampharos,デンリュウ,electric,,211,169,207,"charge_beam_fast,volt_switch_fast","zap_cannon,focus_blast,thunder,power_gem,thunder_punch,brutal_swing,trailblaze",,,dragon_pulse,,FLAAFFY,
ampharos_normal,デンリュウ,electric,,211,169,207,"charge_beam_fast,volt_switch_fast","zap_cannon,focus_blast,thunder,power_gem,thunder_punch,brutal_swing,trailblaze",ampharos_normal,,,,,
bellossom,キレイハナ,grass,,169,186,181,"razor_leaf_fast,acid_fast,bullet_seed_fast,magical_leaf_fast","leaf_blade,petal_blizzard,dazzling_gleam",,,,,GLOOM,
bellossom_normal,キレイハナ,grass,,169,186,181,"razor_leaf_fast,acid_fast,bullet_seed_fast,magical_leaf_fast","leaf_blade,petal_blizzard,dazzling_gleam",bellossom_normal,,,,,
marill,マリル,water,fairy,37,93,172,"tackle_fast,bubble_fast","bubble_beam,aqua_tail,body_slam",,,,AZUMARILL,AZURILL,
marill_normal,マリル,water,fairy,37,93,172,"tackle_fast,bubble_fast","bubble_beam,aqua_tail,body_slam",marill_normal,,,,,
azumarill,マリルリ,water,fairy,112,152,225,"rock_smash_fast,bubble_fast","play_rough,hydro_pump,ice_beam",,,,,MARILL,
azumarill_normal,マリルリ,water,fairy,112,152,225,"rock_smash_fast,bubble_fast","play_rough,hydro_pump,ice_beam",azumarill_normal,,,,,
sudowoodo,ウソッキー,rock,,167,176,172,"rock_throw_fast,counter_fast","stone_edge,earthquake,rock_slide,rock_tomb,meteor_beam,trailblaze",,,,,BONSLY,
sudowoodo_normal,ウソッキー,rock,,167,176,172,"rock_throw_fast,counter_fast","stone_edge,earthquake,rock_slide,rock_tomb,meteor_beam,trailblaze",sudowoodo_normal,,,,,
politoed,ニョロトノ,water,,174,179,207,"mud_shot_fast,bubble_fast","hydro_pump,blizzard,surf,weather_ball_water,scald",,,"earthquake,ice_beam",,POLIWHIRL,
politoed_normal,ニョロトノ,water,,174,179,207,"mud_shot_fast,bubble_fast","hydro_pump,blizzard,surf,weather_ball_water,scald",politoed_normal,,,,,
hoppip,ハネッコ,grass,flying,67,94,111,"tackle_fast,bullet_seed_fast","grass_knot,dazzling_gleam,seed_bomb",,,,SKIPLOOM,,
hoppip_normal,ハネッコ,grass,flying,67,94,111,"tackle_fast,bullet_seed_fast","grass_knot,dazzling_gleam,seed_bomb",hoppip_normal,,,,,
skiploom,ポポッコ,grass,flying,91,120,146,"tackle_fast,bullet_seed_fast","grass_knot,dazzling_gleam,energy_ball",,,,JUMPLUFF,HOPPIP,
skiploom_normal,ポポッコ,grass,flying,91,120,146,"tackle_fast,bullet_seed_fast","grass_knot,dazzling_gleam,energy_ball",skiploom_normal,,,,,
jumpluff,ワタッコ,grass,flying,118,183,181,"infestation_fast,bullet_seed_fast,fairy_wind_fast","energy_ball,dazzling_gleam,solar_beam,aerial_ace",,,acrobatics,,SKIPLOOM,
jumpluff_normal,ワタッコ,grass,flying,118,183,181,"infestation_fast,bullet_seed_fast,fairy_wind_fast","energy_ball,dazzling_gleam,solar_beam,aerial_ace",jumpluff_normal,,,,,
aipom,エイパム,normal,,136,112,146,"scratch_fast,astonish_fast","low_sweep,swift,aerial_ace",,,,AMBIPOM,,
aipom_normal,エイパム,normal,,136,112,146,"scratch_fast,astonish_fast","low_sweep,swift,aerial_ace",aipom_normal,,,,,
sunkern,ヒマナッツ,grass,,55,55,102,"razor_leaf_fast,cut_fast","energy_ball,grass_knot,seed_bomb",,,,SUNFLORA,,
sunkern_normal,ヒマナッツ,grass,,55,55,102,"razor_leaf_fast,cut_fast","energy_ball,grass_knot,seed_bomb",sunkern_normal,,,,,
sunflora,キマワリ,grass,,185,135,181,"razor_leaf_fast,bullet_seed_fast","solar_beam,petal_blizzard,sludge_bomb,leaf_storm",,,,,SUNKERN,
sunflora_normal,キマワリ,grass,,185,135,181,"razor_leaf_fast,bullet_seed_fast","solar_beam,petal_blizzard,sludge_bomb,leaf_storm",sunflora_normal,,,,,
yanma,ヤンヤンマ,bug,flying,154,94,163,"quick_attack_fast,wing_attack_fast","ancient_power,aerial_ace,silver_wind",,,,YANMEGA,,
yanma_normal,ヤンヤンマ,bug,flying,154,94,163,"quick_attack_fast,wing_attack_fast","ancient_power,aerial_ace,silver_wind",yanma_normal,,,,,
wooper,ウパー,water,ground,75,66,146,"water_gun_fast,mud_shot_fast","mud_bomb,dig,body_slam",,,,CLODSIRE,,
wooper_normal,ウパー,water,ground,75,66,146,"water_gun_fast,mud_shot_fast","mud_bomb,dig,body_slam",wooper_normal,,,,,
wooper_paldea,ウパー,poison,ground,75,66,146,"poison_jab_fast,mud_shot_fast","sludge_wave,dig,body_slam",wooper_paldea,,,,,
quagsire,ヌオー,water,ground,152,143,216,"water_gun_fast,mud_shot_fast","sludge_bomb,earthquake,stone_edge,acid_spray,mud_bomb,drain_punch",,,aqua_tail,,,
quagsire_normal,ヌオー,water,ground,152,143,216,"water_gun_fast,mud_shot_fast","sludge_bomb,earthquake,stone_edge,acid_spray,mud_bomb,drain_punch",quagsire_normal,,,,,
espeon,エーフィ,psychic,,261,175,163,"confusion_fast,zen_headbutt_fast","psybeam,psychic,futuresight,psychic_fangs",,,"last_resort,shadow_ball",,EEVEE,
espeon_gofest_2024_sscarf,エーフィ,psychic,,261,175,163,"confusion_fast,zen_headbutt_fast","psybeam,psychic,futuresight,psychic_fangs",espeon_gofest_2024_sscarf,,,,,
espeon_normal,エーフィ,psychic,,261,175,163,"confusion_fast,zen_headbutt_fast","psybeam,psychic,futuresight,psychic_fangs",espeon_normal,,,,,
umbreon,ブラッキー,dark,,126,240,216,"feint_attack_fast,snarl_fast","dark_pulse,foul_play",,,"last_resort,psychic",,EEVEE,
umbreon_gofest_2024_mscarf,ブラッキー,dark,,126,240,216,"feint_attack_fast,snarl_fast","dark_pulse,foul_play",umbreon_gofest_2024_mscarf,,,,,
umbreon_normal,ブラッキー,dark,,126,240,216,"feint_attack_fast,snarl_fast","dark_pulse,foul_play",umbreon_normal,,,,,
murkrow,ヤミカラス,dark,flying,175,87,155,"peck_fast,feint_attack_fast","drill_peck,foul_play,dark_pulse",,,,HONCHKROW,,
murkrow_normal,ヤミカラス,dark,flying,175,87,155,"peck_fast,feint_attack_fast","drill_peck,foul_play,dark_pulse",murkrow_normal,,,,,
slowking,ヤドキング,water,psychic,177,180,216,"water_gun_fast,confusion_fast","blizzard,psychic,fire_blast,scald",,,surf,,SLOWPOKE,
slowking_2022,ヤドキング,water,psychic,177,180,216,"water_gun_fast,confusion_fast","blizzard,psychic,fire_blast,scald",slowking_2022,,,,,
slowking_galarian,ヤドキング,poison,psychic,190,180,216,"hex_fast,confusion_fast,acid_fast","futuresight,shadow_ball,sludge_wave,scald,psyshock",slowking_galarian,,,,,
slowking_normal,ヤドキング,water,psychic,177,180,216,"water_gun_fast,confusion_fast","blizzard,psychic,fire_blast,scald",slowking_normal,,,,,
misdreavus,ムウマ,ghost,,167,154,155,"astonish_fast,hex_fast,psywave_fast","shadow_sneak,dark_pulse,ominous_wind",,,,MISMAGIUS,,
misdreavus_normal,ムウマ,ghost,,167,154,155,"astonish_fast,hex_fast,psywave_fast","shadow_sneak,dark_pulse,ominous_wind",misdreavus_normal,,,,,
unown,アンノーン,psychic,,136,91,134,hidden_power_fast,struggle,,,,,,
unown_a,アンノーン,psychic,,136,91,134,hidden_power_fast,struggle,unown_a,,,,,
unown_b,アンノーン,psychic,,136,91,134,hidden_power_fast,struggle,unown_b,,,,,
unown_c,アンノーン,psychic,,136,91,134,hidden_power_fast,struggle,unown_c,,,,,
unown_d,アンノーン,psychic,,136,91,134,hidden_power_fast,struggle,unown_d,,,,,
unown_e,アンノーン,psychic,,136,91,134,hidden_power_fast,struggle,unown_e,,,,,
unown_exclamation_point,アンノーン,psychic,,136,91,134,hidden_power_fast,struggle,unown_exclamation_point,,,,,
unown_f,アンノーン,psychic,,136,91,134,hidden_power_fast,struggle,unown_f,,,,,
unown_g,アンノーン,psychic,,136,91,134,hidden_power_fast,struggle,unown_g,,,,,
unown_h,アンノーン,psychic,,136,91,134,hidden_power_fast,struggle,unown_h,,,,,
unown_i,アンノーン,psychic,,136,91,134,hidden_power_fast,struggle,unown_i,,,,,
unown_j,アンノーン,psychic,,136,91,134,hidden_power_fast,struggle,unown_j,,,,,
unown_k,アンノーン,psychic,,136,91,134,hidden_power_fast,struggle,unown_k,,,,,
unown_l,アンノーン,psychic,,136,91,134,hidden_power_fast,struggle,unown_l,,,,,
unown_m,アンノーン,psychic,,136,91,134,hidden_power_fast,struggle,unown_m,,,,,
unown_n,アンノーン,psychic,,136,91,134,hidden_power_fast,struggle,unown_n,,,,,
unown_o,アンノーン,psychic,,136,91,134,hidden_power_fast,struggle,unown_o,,,,,
unown_p,アンノーン,psychic,,136,91,134,hidden_power_fast,struggle,unown_p,,,,,
unown_q,アンノーン,psychic,,136,91,134,hidden_power_fast,struggle,unown_q,,,,,
unown_question_mark,アンノーン,psychic,,136,91,134,hidden_power_fast,struggle,unown_question_mark,,,,,
unown_r,アンノーン,psychic,,136,91,134,hidden_power_fast,struggle,unown_r,,,,,
unown_s,アンノーン,psychic,,136,91,134,hidden_power_fast,struggle,unown_s,,,,,
unown_t,アンノーン,psychic,,136,91,134,hidden_power_fast,struggle,unown_t,,,,,
unown_u,アンノーン,psychic,,136,91,134,hidden_power_fast,struggle,unown_u,,,,,
unown_v,アンノーン,psychic,,136,91,134,hidden_power_fast,struggle,unown_v,,,,,
unown_w,アンノーン,psychic,,136,91,134,hidden_power_fast,struggle,unown_w,,,,,
unown_x,アンノーン,psychic,,136,91,134,hidden_power_fast,struggle,unown_x,,,,,
unown_y,アンノーン,psychic,,136,91,134,hidden_power_fast,struggle,unown_y,,,,,
unown_z,アンノーン,psychic,,136,91,134,hidden_power_fast,struggle,unown_z,,,,,
wobbuffet,ソーナンス,psychic,,60,106,382,"counter_fast,splash_fast,charm_fast",mirror_coat,,,,,WYNAUT,
wobbuffet_normal,ソーナンス,psychic,,60,106,382,"counter_fast,splash_fast,charm_fast",mirror_coat,wobbuffet_normal,,,,,
girafarig,キリンリキ,normal,psychic,182,133,172,"tackle_fast,confusion_fast,double_kick_fast","psychic,thunderbolt,mirror_coat,psychic_fangs,trailblaze",,,,,,
girafarig_normal,キリンリキ,normal,psychic,182,133,172,"tackle_fast,confusion_fast,double_kick_fast","psychic,thunderbolt,mirror_coat,psychic_fangs,trailblaze",girafarig_normal,,,,,
pineco,クヌギダマ,bug,,108,122,137,"tackle_fast,bug_bite_fast","gyro_ball,rock_tomb,sand_tomb",,,,FORRETRESS,,
pineco_normal,クヌギダマ,bug,,108,122,137,"tackle_fast,bug_bite_fast","gyro_ball,rock_tomb,sand_tomb",pineco_normal,,,,,
forretress,フォレトス,bug,steel,161,205,181,"bug_bite_fast,struggle_bug_fast,volt_switch_fast","heavy_slam,earthquake,rock_tomb,sand_tomb,mirror_shot",,,,,PINECO,
forretress_normal,フォレトス,bug,steel,161,205,181,"bug_bite_fast,struggle_bug_fast,volt_switch_fast","heavy_slam,earthquake,rock_tomb,sand_tomb,mirror_shot",forretress_normal,,,,,
dunsparce,ノコッチ,normal,,131,128,225,"bite_fast,astonish_fast,rollout_fast","dig,rock_slide,drill_run",,,,"DUDUNSPARCE,DUDUNSPARCE",,
dunsparce_normal,ノコッチ,normal,,131,128,225,"bite_fast,astonish_fast,rollout_fast","dig,rock_slide,drill_run",dunsparce_normal,,,,,
gligar,グライガー,ground,flying,143,184,163,"fury_cutter_fast,wing_attack_fast","dig,aerial_ace,night_slash",,,,GLISCOR,,
gligar_normal,グライガー,ground,flying,143,184,163,"fury_cutter_fast,wing_attack_fast","dig,aerial_ace,night_slash",gligar_normal,,,,,
steelix,ハガネール,steel,ground,148,272,181,"iron_tail_fast,dragon_tail_fast,thunder_fang_fast","earthquake,heavy_slam,crunch,psychic_fangs,breaking_swipe",,,,,ONIX,
steelix_normal,ハガネール,steel,ground,148,272,181,"iron_tail_fast,dragon_tail_fast,thunder_fang_fast","earthquake,heavy_slam,crunch,psychic_fangs,breaking_swipe",steelix_normal,,,,,
snubbull,ブルー,fairy,,137,85,155,"tackle_fast,bite_fast","crunch,dazzling_gleam,brick_break",,,,GRANBULL,,
snubbull_normal,ブルー,fairy,,137,85,155,"tackle_fast,bite_fast","crunch,dazzling_gleam,brick_break",snubbull_normal,,,,,
granbull,グランブル,fairy,,212,131,207,"bite_fast,snarl_fast,charm_fast","crunch,play_rough,close_combat",,,,,SNUBBULL,
granbull_normal,グランブル,fairy,,212,131,207,"bite_fast,snarl_fast,charm_fast","crunch,play_rough,close_combat",granbull_normal,,,,,
qwilfish,ハリーセン,water,poison,184,138,163,"poison_sting_fast,water_gun_fast","aqua_tail,ice_beam,sludge_wave,acid_spray,fell_stinger,scald",,,,,,
qwilfish_hisuian,ハリーセン,dark,poison,184,151,163,"poison_sting_fast,poison_jab_fast","aqua_tail,ice_beam,sludge_bomb,dark_pulse,shadow_ball",qwilfish_hisuian,,,,,
qwilfish_normal,ハリーセン,water,poison,184,138,163,"poison_sting_fast,water_gun_fast","aqua_tail,ice_beam,sludge_wave,acid_spray,fell_stinger,scald",qwilfish_normal,,,,,
scizor,ハッサム,bug,steel,236,181,172,"bullet_punch_fast,fury_cutter_fast","x_scissor,iron_head,night_slash,trailblaze",,,,,SCYTHER,
scizor_normal,ハッサム,bug,steel,236,181,172,"bullet_punch_fast,fury_cutter_fast","x_scissor,iron_head,night_slash,trailblaze",scizor_normal,,,,,
shuckle,ツボツボ,bug,rock,17,396,85,"struggle_bug_fast,rock_throw_fast","rock_blast,stone_edge,gyro_ball",,,,,,
shuckle_normal,ツボツボ,bug,rock,17,396,85,"struggle_bug_fast,rock_throw_fast","rock_blast,stone_edge,gyro_ball",shuckle_normal,,,,,
heracross,ヘラクロス,bug,fighting,234,179,190,"counter_fast,struggle_bug_fast,fury_cutter_fast","megahorn,close_combat,earthquake,rock_blast,upper_hand,rock_tomb",,,,,,
heracross_normal,ヘラクロス,bug,fighting,234,179,190,"counter_fast,struggle_bug_fast,fury_cutter_fast","megahorn,close_combat,earthquake,rock_blast,upper_hand,rock_tomb",heracross_normal,,,,,
sneasel,ニューラ,dark,ice,189,146,146,"ice_shard_fast,feint_attack_fast","avalanche,ice_punch,foul_play,triple_axel",,,,WEAVILE,,
sneasel_hisuian,ニューラ,fighting,poison,189,146,146,"rock_smash_fast,poison_jab_fast","aerial_ace,close_combat,x_scissor",sneasel_hisuian,,,,,
sneasel_normal,ニューラ,dark,ice,189,146,146,"ice_shard_fast,feint_attack_fast","avalanche,ice_punch,foul_play,triple_axel",sneasel_normal,,,,,
teddiursa,ヒメグマ,normal,,142,93,155,"scratch_fast,lick_fast","cross_chop,crunch,play_rough,trailblaze,swift",,,,URSARING,,
teddiursa_normal,ヒメグマ,normal,,142,93,155,"scratch_fast,lick_fast","cross_chop,crunch,play_rough,trailblaze,swift",teddiursa_normal,,,,,
ursaring,リングマ,normal,,236,144,207,"metal_claw_fast,counter_fast,shadow_claw_fast","close_combat,hyper_beam,play_rough,trailblaze,swift",,,,URSALUNA,TEDDIURSA,
ursaring_normal,リングマ,normal,,236,144,207,"metal_claw_fast,counter_fast,shadow_claw_fast","close_combat,hyper_beam,play_rough,trailblaze,swift",ursaring_normal,,,,,
slugma,マグマッグ,fire,,118,71,120,"ember_fast,rock_throw_fast","flame_burst,flame_charge,rock_slide",,,,MAGCARGO,,
slugma_normal,マグマッグ,fire,,118,71,120,"ember_fast,rock_throw_fast","flame_burst,flame_charge,rock_slide",slugma_normal,,,,,
magcargo,マグカルゴ,fire,rock,139,191,137,"ember_fast,rock_throw_fast,incinerate_fast","heat_wave,overheat,stone_edge,rock_tomb",,,,,SLUGMA,
magcargo_normal,マグカルゴ,fire,rock,139,191,137,"ember_fast,rock_throw_fast,incinerate_fast","heat_wave,overheat,stone_edge,rock_tomb",magcargo_normal,,,,,
swinub,ウリムー,ice,ground,90,69,137,"tackle_fast,powder_snow_fast","icy_wind,body_slam,rock_slide",,,,PILOSWINE,,
swinub_normal,ウリムー,ice,ground,90,69,137,"tackle_fast,powder_snow_fast","icy_wind,body_slam,rock_slide",swinub_normal,,,,,
piloswine,イノムー,ice,ground,181,138,225,"ice_shard_fast,powder_snow_fast","avalanche,bulldoze,stone_edge,high_horsepower,icicle_spear",,,,MAMOSWINE,SWINUB,
piloswine_normal,イノムー,ice,ground,181,138,225,"ice_shard_fast,powder_snow_fast","avalanche,bulldoze,stone_edge,high_horsepower,icicle_spear",piloswine_normal,,,,,
corsola,サニーゴ,water,rock,118,156,146,"tackle_fast,bubble_fast","rock_blast,power_gem,bubble_beam",,,,,,
corsola_galarian,サニーゴ,ghost,,116,182,155,"tackle_fast,astonish_fast","rock_blast,power_gem,night_shade",corsola_galarian,,,,,
corsola_normal,サニーゴ,water,rock,118,156,146,"tackle_fast,bubble_fast","rock_blast,power_gem,bubble_beam",corsola_normal,,,,,
remoraid,テッポウオ,water,,127,69,111,"water_gun_fast,mud_shot_fast","aurora_beam,water_pulse,rock_blast",,,,OCTILLERY,,
remoraid_normal,テッポウオ,water,,127,69,111,"water_gun_fast,mud_shot_fast","aurora_beam,water_pulse,rock_blast",remoraid_normal,,,,,
octillery,オクタン,water,,197,141,181,"water_gun_fast,mud_shot_fast,lock_on_fast","gunk_shot,water_pulse,aurora_beam,acid_spray,octazooka",,,,,REMORAID,
octillery_normal,オクタン,water,,197,141,181,"water_gun_fast,mud_shot_fast,lock_on_fast","gunk_shot,water_pulse,aurora_beam,acid_spray,octazooka",octillery_normal,,,,,
delibird,デリバード,ice,flying,128,90,128,present_fast,"ice_punch,icy_wind,aerial_ace,fly,triple_axel",,,,,,
delibird_normal,デリバード,ice,flying,128,90,128,present_fast,"ice_punch,icy_wind,aerial_ace,fly,triple_axel",delibird_normal,,,,,
delibird_winter_2020,デリバード,ice,flying,128,90,128,present_fast,"ice_punch,icy_wind,aerial_ace,fly,triple_axel",delibird_winter_2020,,,,,
mantine,マンタイン,water,flying,148,226,163,"bubble_fast,wing_attack_fast,bullet_seed_fast","water_pulse,ice_beam,aerial_ace,bubble_beam",,,,,MANTYKE,
mantine_normal,マンタイン,water,flying,148,226,163,"bubble_fast,wing_attack_fast,bullet_seed_fast","water_pulse,ice_beam,aerial_ace,bubble_beam",mantine_normal,,,,,
skarmory,エアームド,steel,flying,148,226,163,"steel_wing_fast,air_slash_fast","brave_bird,sky_attack,flash_cannon",,,,,,
skarmory_normal,エアームド,steel,flying,148,226,163,"steel_wing_fast,air_slash_fast","brave_bird,sky_attack,flash_cannon",skarmory_normal,,,,,
houndour,デルビル,dark,fire,152,83,128,"feint_attack_fast,ember_fast","crunch,flamethrower,dark_pulse",,,,HOUNDOOM,,
houndour_normal,デルビル,dark,fire,152,83,128,"feint_attack_fast,ember_fast","crunch,flamethrower,dark_pulse",houndour_normal,,,,,
houndoom,ヘルガー,dark,fire,224,144,181,"snarl_fast,fire_fang_fast","crunch,fire_blast,foul_play,flamethrower",,,,,HOUNDOUR,
houndoom_normal,ヘルガー,dark,fire,224,144,181,"snarl_fast,fire_fang_fast","crunch,fire_blast,foul_play,flamethrower",houndoom_normal,,,,,
kingdra,キングドラ,water,dragon,194,194,181,"waterfall_fast,dragon_breath_fast","hydro_pump,blizzard,outrage,octazooka,swift",,water_gun_fast,,,SEADRA,
kingdra_normal,キングドラ,water,dragon,194,194,181,"waterfall_fast,dragon_breath_fast","hydro_pump,blizzard,outrage,octazooka,swift",kingdra_normal,,,,,
phanpy,ゴマゾウ,ground,,107,98,207,"tackle_fast,rock_smash_fast","bulldoze,rock_slide,body_slam,trailblaze",,,,DONPHAN,,
phanpy_normal,ゴマゾウ,ground,,107,98,207,"tackle_fast,rock_smash_fast","bulldoze,rock_slide,body_slam,trailblaze",phanpy_normal,,,,,
donphan,ドンファン,ground,,214,185,207,"tackle_fast,counter_fast,mud_slap_fast,charm_fast","earthquake,heavy_slam,play_rough,body_slam,trailblaze",,,,,PHANPY,
donphan_normal,ドンファン,ground,,214,185,207,"tackle_fast,counter_fast,mud_slap_fast,charm_fast","earthquake,heavy_slam,play_rough,body_slam,trailblaze",donphan_normal,,,,,
porygon2,ポリゴン２,normal,,198,180,198,"hidden_power_fast,charge_beam_fast,lock_on_fast","solar_beam,hyper_beam,zap_cannon,tri_attack",,,,PORYGON_Z,PORYGON,
porygon2_normal,ポリゴン２,normal,,198,180,198,"hidden_power_fast,charge_beam_fast,lock_on_fast","solar_beam,hyper_beam,zap_cannon,tri_attack",porygon2_normal,,,,,
stantler,オドシシ,normal,,192,131,177,"tackle_fast,zen_headbutt_fast","stomp,wild_charge,megahorn",,,,,,
stantler_normal,オドシシ,normal,,192,131,177,"tackle_fast,zen_headbutt_fast","stomp,wild_charge,megahorn",stantler_normal,,,,,
smeargle,ドーブル,normal,,40,83,146,,,,,,,,
smeargle_normal,ドーブル,normal,,40,83,146,,,smeargle_normal,,,,,
tyrogue,バルキー,fighting,,64,64,111,"rock_smash_fast,tackle_fast","brick_break,rock_slide,low_sweep",,,,"HITMONLEE,HITMONCHAN,HITMONTOP",,
tyrogue_normal,バルキー,fighting,,64,64,111,"rock_smash_fast,tackle_fast","brick_break,rock_slide,low_sweep",tyrogue_normal,,,,,
hitmontop,カポエラー,fighting,,173,207,137,"rock_smash_fast,counter_fast","close_combat,gyro_ball,stone_edge,triple_axel",,,,,TYROGUE,
hitmontop_normal,カポエラー,fighting,,173,207,137,"rock_smash_fast,counter_fast","close_combat,gyro_ball,stone_edge,triple_axel",hitmontop_normal,,,,,
smoochum,ムチュール,ice,psychic,153,91,128,"powder_snow_fast,pound_fast","ice_beam,ice_punch,psyshock",,frost_breath_fast,,JYNX,,
smoochum_normal,ムチュール,ice,psychic,153,91,128,"powder_snow_fast,pound_fast","ice_beam,ice_punch,psyshock",smoochum_normal,,,,,
elekid,エレキッド,electric,,135,101,128,"thunder_shock_fast,low_kick_fast","thunder_punch,brick_break,discharge",,,thunderbolt,ELECTABUZZ,,
elekid_normal,エレキッド,electric,,135,101,128,"thunder_shock_fast,low_kick_fast","thunder_punch,brick_break,discharge",elekid_normal,,,,,
magby,ブビィ,fire,,151,99,128,"ember_fast,karate_chop_fast","brick_break,fire_punch,flame_burst",,,flamethrower,MAGMAR,,
magby_normal,ブビィ,fire,,151,99,128,"ember_fast,karate_chop_fast","brick_break,fire_punch,flame_burst",magby_normal,,,,,
miltank,ミルタンク,normal,,157,193,216,"tackle_fast,zen_headbutt_fast,rollout_fast","stomp,body_slam,gyro_ball,thunderbolt,ice_beam",,,,,,
miltank_normal,ミルタンク,normal,,157,193,216,"tackle_fast,zen_headbutt_fast,rollout_fast","stomp,body_slam,gyro_ball,thunderbolt,ice_beam",miltank_normal,,,,,
blissey,ハピナス,normal,,129,169,496,"pound_fast,zen_headbutt_fast","psychic,hyper_beam,dazzling_gleam",,,wild_charge,,CHANSEY,
blissey_normal,ハピナス,normal,,129,169,496,"pound_fast,zen_headbutt_fast","psychic,hyper_beam,dazzling_gleam",blissey_normal,,,,,
raikou,ライコウ,electric,,241,195,207,"thunder_shock_fast,volt_switch_fast","thunder,thunderbolt,wild_charge,shadow_ball,aura_sphere",,,,,,
raikou_normal,ライコウ,electric,,241,195,207,"thunder_shock_fast,volt_switch_fast","thunder,thunderbolt,wild_charge,shadow_ball,aura_sphere",raikou_normal,,,,,
raikou_s,ライコウ,electric,,241,195,207,"thunder_shock_fast,volt_switch_fast","thunder,thunderbolt,wild_charge,shadow_ball,aura_sphere",raikou_s,,,,,
entei,エンテイ,fire,,235,171,251,"fire_spin_fast,fire_fang_fast","flamethrower,fire_blast,overheat,iron_head,flame_charge,scorching_sands",,,,,,
entei_normal,エンテイ,fire,,235,171,251,"fire_spin_fast,fire_fang_fast","flamethrower,fire_blast,overheat,iron_head,flame_charge,scorching_sands",entei_normal,,,,,
entei_s,エンテイ,fire,,235,171,251,"fire_spin_fast,fire_fang_fast","flamethrower,fire_blast,overheat,iron_head,flame_charge,scorching_sands",entei_s,,,,,
suicune,スイクン,water,,180,235,225,"extrasensory_fast,snarl_fast,ice_fang_fast,water_gun_fast","hydro_pump,bubble_beam,water_pulse,ice_beam,scald",,hidden_power_fast,,,,
suicune_normal,スイクン,water,,180,235,225,"extrasensory_fast,snarl_fast,ice_fang_fast,water_gun_fast","hydro_pump,bubble_beam,water_pulse,ice_beam,scald",suicune_normal,,,,,
suicune_s,スイクン,water,,180,235,225,"extrasensory_fast,snarl_fast,ice_fang_fast,water_gun_fast","hydro_pump,bubble_beam,water_pulse,ice_beam,scald",suicune_s,,,,,
larvitar,ヨーギラス,rock,ground,115,93,137,"bite_fast,rock_smash_fast","stomp,crunch,ancient_power",,,,PUPITAR,,
larvitar_normal,ヨーギラス,rock,ground,115,93,137,"bite_fast,rock_smash_fast","stomp,crunch,ancient_power",larvitar_normal,,,,,
pupitar,サナギラス,rock,ground,155,133,172,"bite_fast,rock_smash_fast","dig,crunch,ancient_power",,,,TYRANITAR,LARVITAR,
pupitar_normal,サナギラス,rock,ground,155,133,172,"bite_fast,rock_smash_fast","dig,crunch,ancient_power",pupitar_normal,,,,,
tyranitar,バンギラス,rock,dark,251,207,225,"bite_fast,iron_tail_fast,dragon_breath_fast","fire_blast,crunch,stone_edge,brutal_swing",,smack_down_fast,,,PUPITAR,
tyranitar_normal,バンギラス,rock,dark,251,207,225,"bite_fast,iron_tail_fast,dragon_breath_fast","fire_blast,crunch,stone_edge,brutal_swing",tyranitar_normal,,,,,
lugia,ルギア,psychic,flying,193,310,235,"extrasensory_fast,dragon_tail_fast","sky_attack,hydro_pump,futuresight,fly",,,aeroblast,,,
lugia_normal,ルギア,psychic,flying,193,310,235,"extrasensory_fast,dragon_tail_fast","sky_attack,hydro_pump,futuresight,fly",lugia_normal,,,,,
lugia_s,ルギア,psychic,flying,193,310,235,"extrasensory_fast,dragon_tail_fast","sky_attack,hydro_pump,futuresight,fly",lugia_s,,,,,
ho_oh,ホウオウ,fire,flying,239,244,214,"extrasensory_fast,steel_wing_fast,hidden_power_fast,incinerate_fast","brave_bird,fire_blast,solar_beam",,,"earthquake,sacred_fire",,,
ho_oh_normal,ホウオウ,fire,flying,239,244,214,"extrasensory_fast,steel_wing_fast,hidden_power_fast,incinerate_fast","brave_bird,fire_blast,solar_beam",ho_oh_normal,,,,,
ho_oh_s,ホウオウ,fire,flying,239,244,214,"extrasensory_fast,steel_wing_fast,hidden_power_fast,incinerate_fast","brave_bird,fire_blast,solar_beam",ho_oh_s,,,,,
celebi,セレビィ,psychic,grass,210,210,225,"confusion_fast,charge_beam_fast","hyper_beam,psychic,dazzling_gleam,seed_bomb,leaf_storm,aura_sphere",,magical_leaf_fast,,,,
celebi_normal,セレビィ,psychic,grass,210,210,225,"confusion_fast,charge_beam_fast","hyper_beam,psychic,dazzling_gleam,seed_bomb,leaf_storm,aura_sphere",celebi_normal,,,,,
treecko,キモリ,grass,,124,94,120,"pound_fast,bullet_seed_fast","energy_ball,aerial_ace,grass_knot",,,,GROVYLE,,
treecko_normal,キモリ,grass,,124,94,120,"pound_fast,bullet_seed_fast","energy_ball,aerial_ace,grass_knot",treecko_normal,,,,,
grovyle,ジュプトル,grass,,172,120,137,"quick_attack_fast,bullet_seed_fast","leaf_blade,aerial_ace,grass_knot",,,,SCEPTILE,TREECKO,
grovyle_normal,ジュプトル,grass,,172,120,137,"quick_attack_fast,bullet_seed_fast","leaf_blade,aerial_ace,grass_knot",grovyle_normal,,,,,
sceptile,ジュカイン,grass,,223,169,172,"fury_cutter_fast,bullet_seed_fast","leaf_blade,aerial_ace,earthquake,dragon_claw,breaking_swipe",,,frenzy_plant,,GROVYLE,
sceptile_normal,ジュカイン,grass,,223,169,172,"fury_cutter_fast,bullet_seed_fast","leaf_blade,aerial_ace,earthquake,dragon_claw,breaking_swipe",sceptile_normal,,,,,
torchic,アチャモ,fire,,130,87,128,"scratch_fast,ember_fast","flame_charge,flamethrower,rock_tomb",,,,COMBUSKEN,,
torchic_normal,アチャモ,fire,,130,87,128,"scratch_fast,ember_fast","flame_charge,flamethrower,rock_tomb",torchic_normal,,,,,
combusken,ワカシャモ,fire,fighting,163,115,155,"peck_fast,ember_fast","flame_charge,flamethrower,rock_slide",,,,BLAZIKEN,TORCHIC,
combusken_normal,ワカシャモ,fire,fighting,163,115,155,"peck_fast,ember_fast","flame_charge,flamethrower,rock_slide",combusken_normal,,,,,
blaziken,バシャーモ,fire,fighting,240,141,190,"counter_fast,fire_spin_fast,ember_fast","focus_blast,overheat,brave_bird,blaze_kick,aura_sphere",,,"blast_burn,stone_edge",,COMBUSKEN,
blaziken_normal,バシャーモ,fire,fighting,240,141,190,"counter_fast,fire_spin_fast,ember_fast","focus_blast,overheat,brave_bird,blaze_kick,aura_sphere",blaziken_normal,,,,,
mudkip,ミズゴロウ,water,,126,93,137,"tackle_fast,water_gun_fast","dig,sludge,stomp",,,,MARSHTOMP,,
mudkip_normal,ミズゴロウ,water,,126,93,137,"tackle_fast,water_gun_fast","dig,sludge,stomp",mudkip_normal,,,,,
marshtomp,ヌマクロー,water,ground,156,133,172,"mud_shot_fast,water_gun_fast","mud_bomb,sludge,surf",,,,SWAMPERT,MUDKIP,
marshtomp_normal,ヌマクロー,water,ground,156,133,172,"mud_shot_fast,water_gun_fast","mud_bomb,sludge,surf",marshtomp_normal,,,,,
swampert,ラグラージ,water,ground,208,175,225,"mud_shot_fast,water_gun_fast","earthquake,sludge_wave,surf,muddy_water,sludge",,,hydro_cannon,,MARSHTOMP,
swampert_normal,ラグラージ,water,ground,208,175,225,"mud_shot_fast,water_gun_fast","earthquake,sludge_wave,surf,muddy_water,sludge",swampert_normal,,,,,
poochyena,ポチエナ,dark,,96,61,111,"tackle_fast,snarl_fast","crunch,dig,poison_fang",,,,MIGHTYENA,,
poochyena_normal,ポチエナ,dark,,96,61,111,"tackle_fast,snarl_fast","crunch,dig,poison_fang",poochyena_normal,,,,,
mightyena,グラエナ,dark,,171,132,172,"bite_fast,fire_fang_fast,thunder_fang_fast,ice_fang_fast,sucker_punch_fast","crunch,play_rough,poison_fang",,,,,POOCHYENA,
mightyena_normal,グラエナ,dark,,171,132,172,"bite_fast,fire_fang_fast,thunder_fang_fast,ice_fang_fast,sucker_punch_fast","crunch,play_rough,poison_fang",mightyena_normal,,,,,
zigzagoon,ジグザグマ,normal,,58,80,116,"tackle_fast,rock_smash_fast,sand_attack_fast","dig,grass_knot,thunderbolt",,,,LINOONE,,
zigzagoon_galarian,ジグザグマ,dark,normal,58,80,116,"tackle_fast,take_down_fast","dig,body_slam,swift",zigzagoon_galarian,,,,,
zigzagoon_normal,ジグザグマ,normal,,58,80,116,"tackle_fast,rock_smash_fast,sand_attack_fast","dig,grass_knot,thunderbolt",zigzagoon_normal,,,,,
linoone,マッスグマ,normal,,142,128,186,"shadow_claw_fast,tackle_fast,sand_attack_fast","dig,grass_knot,thunder,swift",,,,,ZIGZAGOON,
linoone_galarian,マッスグマ,dark,normal,142,128,186,"snarl_fast,lick_fast","dig,body_slam,gunk_shot",linoone_galarian,,,,,
linoone_normal,マッスグマ,normal,,142,128,186,"shadow_claw_fast,tackle_fast,sand_attack_fast","dig,grass_knot,thunder,swift",linoone_normal,,,,,
wurmple,ケムッソ,bug,,75,59,128,"tackle_fast,bug_bite_fast",struggle,,,,"SILCOON,CASCOON",,
wurmple_normal,ケムッソ,bug,,75,59,128,"tackle_fast,bug_bite_fast",struggle,wurmple_normal,,,,,
silcoon,カラサリス,bug,,60,77,137,"poison_sting_fast,bug_bite_fast",struggle,,,,BEAUTIFLY,WURMPLE,
silcoon_normal,カラサリス,bug,,60,77,137,"poison_sting_fast,bug_bite_fast",struggle,silcoon_normal,,,,,
beautifly,アゲハント,bug,flying,189,98,155,"struggle_bug_fast,infestation_fast","silver_wind,air_cutter,bug_buzz",,,,,SILCOON,
beautifly_normal,アゲハント,bug,flying,189,98,155,"struggle_bug_fast,infestation_fast","silver_wind,air_cutter,bug_buzz",beautifly_normal,,,,,
cascoon,マユルド,bug,,60,77,137,"poison_sting_fast,bug_bite_fast",struggle,,,,DUSTOX,WURMPLE,
cascoon_normal,マユルド,bug,,60,77,137,"poison_sting_fast,bug_bite_fast",struggle,cascoon_normal,,,,,
dustox,ドクケイル,bug,poison,98,162,155,"struggle_bug_fast,confusion_fast","silver_wind,sludge_bomb,bug_buzz",,,,,CASCOON,
dustox_normal,ドクケイル,bug,poison,98,162,155,"struggle_bug_fast,confusion_fast","silver_wind,sludge_bomb,bug_buzz",dustox_normal,,,,,
lotad,ハスボー,water,grass,71,77,120,"water_gun_fast,razor_leaf_fast","bubble_beam,energy_ball,scald",,,,LOMBRE,,
lotad_normal,ハスボー,water,grass,71,77,120,"water_gun_fast,razor_leaf_fast","bubble_beam,energy_ball,scald",lotad_normal,,,,,
lombre,ハスブレロ,water,grass,112,119,155,"bubble_fast,razor_leaf_fast","bubble_beam,ice_beam,grass_knot,scald",,,,LUDICOLO,LOTAD,
lombre_normal,ハスブレロ,water,grass,112,119,155,"bubble_fast,razor_leaf_fast","bubble_beam,ice_beam,grass_knot,scald",lombre_normal,,,,,
ludicolo,ルンパッパ,water,grass,173,176,190,"bubble_fast,razor_leaf_fast,astonish_fast","hydro_pump,blizzard,solar_beam,ice_beam,energy_ball,leaf_storm,scald,weather_ball_water",,,,,LOMBRE,
ludicolo_normal,ルンパッパ,water,grass,173,176,190,"bubble_fast,razor_leaf_fast,astonish_fast","hydro_pump,blizzard,solar_beam,ice_beam,energy_ball,leaf_storm,scald,weather_ball_water",ludicolo_normal,,,,,
seedot,タネボー,grass,,71,77,120,"bullet_seed_fast,quick_attack_fast","energy_ball,grass_knot,foul_play",,,,NUZLEAF,,
seedot_normal,タネボー,grass,,71,77,120,"bullet_seed_fast,quick_attack_fast","energy_ball,grass_knot,foul_play",seedot_normal,,,,,
nuzleaf,コノハナ,grass,dark,134,78,172,"razor_leaf_fast,feint_attack_fast","leaf_blade,grass_knot,foul_play",,,,SHIFTRY,SEEDOT,
nuzleaf_normal,コノハナ,grass,dark,134,78,172,"razor_leaf_fast,feint_attack_fast","leaf_blade,grass_knot,foul_play",nuzleaf_normal,,,,,
shiftry,ダーテング,grass,dark,200,121,207,"razor_leaf_fast,feint_attack_fast,snarl_fast","leaf_blade,hurricane,foul_play,leaf_tornado",,bullet_seed_fast,,,NUZLEAF,
shiftry_normal,ダーテング,grass,dark,200,121,207,"razor_leaf_fast,feint_attack_fast,snarl_fast","leaf_blade,hurricane,foul_play,leaf_tornado",shiftry_normal,,,,,
taillow,スバメ,normal,flying,106,61,120,"peck_fast,quick_attack_fast",aerial_ace,,,,SWELLOW,,
taillow_normal,スバメ,normal,flying,106,61,120,"peck_fast,quick_attack_fast",aerial_ace,taillow_normal,,,,,
swellow,オオスバメ,normal,flying,185,124,155,"wing_attack_fast,steel_wing_fast","aerial_ace,brave_bird,sky_attack",,,,,TAILLOW,
swellow_normal,オオスバメ,normal,flying,185,124,155,"wing_attack_fast,steel_wing_fast","aerial_ace,brave_bird,sky_attack",swellow_normal,,,,,
wingull,キャモメ,water,flying,106,61,120,"water_gun_fast,quick_attack_fast","water_pulse,air_cutter,ice_beam",,,,PELIPPER,,
wingull_normal,キャモメ,water,flying,106,61,120,"water_gun_fast,quick_attack_fast","water_pulse,air_cutter,ice_beam",wingull_normal,,,,,
pelipper,ペリッパー,water,flying,175,174,155,"water_gun_fast,wing_attack_fast","hydro_pump,hurricane,blizzard,weather_ball_water",,,,,WINGULL,
pelipper_normal,ペリッパー,water,flying,175,174,155,"water_gun_fast,wing_attack_fast","hydro_pump,hurricane,blizzard,weather_ball_water",pelipper_normal,,,,,
ralts,ラルトス,psychic,fairy,79,59,99,"confusion_fast,charge_beam_fast","psyshock,disarming_voice,shadow_sneak",,,,KIRLIA,,
ralts_normal,ラルトス,psychic,fairy,79,59,99,"confusion_fast,charge_beam_fast","psyshock,disarming_voice,shadow_sneak",ralts_normal,,,,,
kirlia,キルリア,psychic,fairy,117,90,116,"confusion_fast,charge_beam_fast,magical_leaf_fast","psychic,disarming_voice,shadow_sneak,triple_axel,draining_kiss",,,,"GALLADE,GARDEVOIR",RALTS,
kirlia_normal,キルリア,psychic,fairy,117,90,116,"confusion_fast,charge_beam_fast,magical_leaf_fast","psychic,disarming_voice,shadow_sneak,triple_axel,draining_kiss",kirlia_normal,,,,,
gardevoir,サーナイト,psychic,fairy,237,195,169,"confusion_fast,charge_beam_fast,charm_fast,magical_leaf_fast","psychic,dazzling_gleam,shadow_ball,triple_axel",,,synchronoise,,KIRLIA,
gardevoir_normal,サーナイト,psychic,fairy,237,195,169,"confusion_fast,charge_beam_fast,charm_fast,magical_leaf_fast","psychic,dazzling_gleam,shadow_ball,triple_axel",gardevoir_normal,,,,,
surskit,アメタマ,bug,water,93,87,120,"bubble_fast,bug_bite_fast","aqua_jet,bubble_beam,signal_beam",,,,MASQUERAIN,,
surskit_normal,アメタマ,bug,water,93,87,120,"bubble_fast,bug_bite_fast","aqua_jet,bubble_beam,signal_beam",surskit_normal,,,,,
masquerain,アメモース,bug,flying,192,150,172,"infestation_fast,air_slash_fast","air_cutter,ominous_wind,silver_wind,bubble_beam,lunge",,,,,SURSKIT,
masquerain_normal,アメモース,bug,flying,192,150,172,"infestation_fast,air_slash_fast","air_cutter,ominous_wind,silver_wind,bubble_beam,lunge",masquerain_normal,,,,,
shroomish,キノココ,grass,,74,110,155,"tackle_fast,bullet_seed_fast","seed_bomb,grass_knot,energy_ball",,,,BRELOOM,,
shroomish_normal,キノココ,grass,,74,110,155,"tackle_fast,bullet_seed_fast","seed_bomb,grass_knot,energy_ball",shroomish_normal,,,,,
breloom,キノガッサ,grass,fighting,241,144,155,"counter_fast,bullet_seed_fast,force_palm_fast","dynamic_punch,seed_bomb,sludge_bomb",,,grass_knot,,SHROOMISH,
breloom_normal,キノガッサ,grass,fighting,241,144,155,"counter_fast,bullet_seed_fast,force_palm_fast","dynamic_punch,seed_bomb,sludge_bomb",breloom_normal,,,,,
slakoth,ナマケロ,normal,,104,92,155,yawn_fast,"body_slam,night_slash,brick_break",,,,VIGOROTH,,
slakoth_normal,ナマケロ,normal,,104,92,155,yawn_fast,"body_slam,night_slash,brick_break",slakoth_normal,,,,,
vigoroth,ヤルキモノ,normal,,159,145,190,"scratch_fast,counter_fast","body_slam,bulldoze,brick_break,rock_slide",,,,SLAKING,SLAKOTH,
vigoroth_normal,ヤルキモノ,normal,,159,145,190,"scratch_fast,counter_fast","body_slam,bulldoze,brick_break,rock_slide",vigoroth_normal,,,,,
slaking,ケッキング,normal,,290,166,284,yawn_fast,"hyper_beam,play_rough,earthquake",,,body_slam,,VIGOROTH,
slaking_normal,ケッキング,normal,,290,166,284,yawn_fast,"hyper_beam,play_rough,earthquake",slaking_normal,,,,,
nincada,ツチニン,bug,ground,80,126,104,"scratch_fast,bug_bite_fast","night_slash,bug_buzz,aerial_ace",,,,NINJASK,,
nincada_normal,ツチニン,bug,ground,80,126,104,"scratch_fast,bug_bite_fast","night_slash,bug_buzz,aerial_ace",nincada_normal,,,,,
ninjask,テッカニン,bug,flying,199,112,156,"fury_cutter_fast,metal_claw_fast","shadow_ball,bug_buzz,aerial_ace",,,,,NINCADA,
ninjask_normal,テッカニン,bug,flying,199,112,156,"fury_cutter_fast,metal_claw_fast","shadow_ball,bug_buzz,aerial_ace",ninjask_normal,,,,,
shedinja,ヌケニン,bug,ghost,153,73,1,"bug_bite_fast,shadow_claw_fast","shadow_sneak,aerial_ace,dig",,struggle_bug_fast,,,,
shedinja_normal,ヌケニン,bug,ghost,153,73,1,"bug_bite_fast,shadow_claw_fast","shadow_sneak,aerial_ace,dig",shedinja_normal,,,,,
whismur,ゴニョニョ,normal,,92,42,162,"pound_fast,astonish_fast","stomp,disarming_voice,flamethrower",,,,LOUDRED,,
whismur_normal,ゴニョニョ,normal,,92,42,162,"pound_fast,astonish_fast","stomp,disarming_voice,flamethrower",whismur_normal,,,,,
loudred,ドゴーム,normal,,134,81,197,"bite_fast,rock_smash_fast","stomp,disarming_voice,flamethrower",,,,EXPLOUD,WHISMUR,
loudred_normal,ドゴーム,normal,,134,81,197,"bite_fast,rock_smash_fast","stomp,disarming_voice,flamethrower",loudred_normal,,,,,
exploud,バクオング,normal,,179,137,232,"bite_fast,astonish_fast","crunch,disarming_voice,fire_blast,boomburst",,,,,LOUDRED,
exploud_normal,バクオング,normal,,179,137,232,"bite_fast,astonish_fast","crunch,disarming_voice,fire_blast,boomburst",exploud_normal,,,,,
makuhita,マクノシタ,fighting,,99,54,176,"rock_smash_fast,tackle_fast","heavy_slam,low_sweep,cross_chop,upper_hand",,,,HARIYAMA,,
makuhita_normal,マクノシタ,fighting,,99,54,176,"rock_smash_fast,tackle_fast","heavy_slam,low_sweep,cross_chop,upper_hand",makuhita_normal,,,,,
hariyama,ハリテヤマ,fighting,,209,114,302,"counter_fast,bullet_punch_fast,force_palm_fast","heavy_slam,close_combat,dynamic_punch,super_power,upper_hand",,,,,MAKUHITA,
hariyama_normal,ハリテヤマ,fighting,,209,114,302,"counter_fast,bullet_punch_fast,force_palm_fast","heavy_slam,close_combat,dynamic_punch,super_power,upper_hand",hariyama_normal,,,,,
azurill,ルリリ,normal,fairy,36,71,137,"splash_fast,bubble_fast","bubble_beam,ice_beam,body_slam",,,,MARILL,,
azurill_normal,ルリリ,normal,fairy,36,71,137,"splash_fast,bubble_fast","bubble_beam,ice_beam,body_slam",azurill_normal,,,,,
nosepass,ノズパス,rock,,82,215,102,"rock_throw_fast,spark_fast","rock_blast,rock_slide,thunderbolt",,,,PROBOPASS,,
nosepass_normal,ノズパス,rock,,82,215,102,"rock_throw_fast,spark_fast","rock_blast,rock_slide,thunderbolt",nosepass_normal,,,,,
skitty,エネコ,normal,,84,79,137,"feint_attack_fast,tackle_fast","dig,disarming_voice,wild_charge",,,,DELCATTY,,
skitty_normal,エネコ,normal,,84,79,137,"feint_attack_fast,tackle_fast","dig,disarming_voice,wild_charge",skitty_normal,,,,,
delcatty,エネコロロ,normal,,132,127,172,"feint_attack_fast,zen_headbutt_fast,charm_fast","play_rough,disarming_voice,wild_charge",,,,,SKITTY,
delcatty_normal,エネコロロ,normal,,132,127,172,"feint_attack_fast,zen_headbutt_fast,charm_fast","play_rough,disarming_voice,wild_charge",delcatty_normal,,,,,
sableye,ヤミラミ,dark,ghost,141,136,137,"shadow_claw_fast,feint_attack_fast","power_gem,foul_play,shadow_sneak,dazzling_gleam,drain_punch",,,,,,
sableye_costume_2020,ヤミラミ,dark,ghost,141,136,137,"shadow_claw_fast,feint_attack_fast","power_gem,foul_play,shadow_sneak,dazzling_gleam,drain_punch",sableye_costume_2020,,,,,
sableye_normal,ヤミラミ,dark,ghost,141,136,137,"shadow_claw_fast,feint_attack_fast","power_gem,foul_play,shadow_sneak,dazzling_gleam,drain_punch",sableye_normal,,,,,
mawile,クチート,steel,fairy,155,141,137,"bite_fast,astonish_fast,ice_fang_fast,fire_fang_fast,fairy_wind_fast","play_rough,vice_grip,iron_head,power_up_punch",,,,,,
mawile_normal,クチート,steel,fairy,155,141,137,"bite_fast,astonish_fast,ice_fang_fast,fire_fang_fast,fairy_wind_fast","play_rough,vice_grip,iron_head,power_up_punch",mawile_normal,,,,,
aron,ココドラ,steel,rock,121,141,137,"tackle_fast,metal_claw_fast,metal_sound_fast","iron_head,rock_tomb,body_slam",,,,LAIRON,,
aron_normal,ココドラ,steel,rock,121,141,137,"tackle_fast,metal_claw_fast,metal_sound_fast","iron_head,rock_tomb,body_slam",aron_normal,,,,,
lairon,コドラ,steel,rock,158,198,155,"metal_claw_fast,iron_tail_fast,metal_sound_fast","body_slam,rock_slide,heavy_slam,rock_tomb",,,,AGGRON,ARON,
lairon_normal,コドラ,steel,rock,158,198,155,"metal_claw_fast,iron_tail_fast,metal_sound_fast","body_slam,rock_slide,heavy_slam,rock_tomb",lairon_normal,,,,,
aggron,ボスゴドラ,steel,rock,198,257,172,"dragon_tail_fast,iron_tail_fast,smack_down_fast,metal_sound_fast","thunder,stone_edge,heavy_slam,rock_tomb,meteor_beam",,,,,LAIRON,
aggron_normal,ボスゴドラ,steel,rock,198,257,172,"dragon_tail_fast,iron_tail_fast,smack_down_fast,metal_sound_fast","thunder,stone_edge,heavy_slam,rock_tomb,meteor_beam",aggron_normal,,,,,
meditite,アサナン,fighting,psychic,78,107,102,"confusion_fast,rock_smash_fast","ice_punch,psyshock,low_sweep",,,,MEDICHAM,,
meditite_normal,アサナン,fighting,psychic,78,107,102,"confusion_fast,rock_smash_fast","ice_punch,psyshock,low_sweep",meditite_normal,,,,,
medicham,チャーレム,fighting,psychic,121,152,155,"psycho_cut_fast,counter_fast","ice_punch,psychic,dynamic_punch,power_up_punch",,,,,MEDITITE,
medicham_normal,チャーレム,fighting,psychic,121,152,155,"psycho_cut_fast,counter_fast","ice_punch,psychic,dynamic_punch,power_up_punch",medicham_normal,,,,,
electrike,ラクライ,electric,,123,78,120,"quick_attack_fast,spark_fast","thunderbolt,discharge,swift",,,,MANECTRIC,,
electrike_normal,ラクライ,electric,,123,78,120,"quick_attack_fast,spark_fast","thunderbolt,discharge,swift",electrike_normal,,,,,
manectric,ライボルト,electric,,215,127,172,"snarl_fast,charge_beam_fast,thunder_fang_fast","thunder,wild_charge,flame_burst,overheat,psychic_fangs",,,,,ELECTRIKE,
manectric_normal,ライボルト,electric,,215,127,172,"snarl_fast,charge_beam_fast,thunder_fang_fast","thunder,wild_charge,flame_burst,overheat,psychic_fangs",manectric_normal,,,,,
plusle,プラスル,electric,,167,129,155,"spark_fast,quick_attack_fast","thunderbolt,discharge,swift,grass_knot",,,,,,
plusle_normal,プラスル,electric,,167,129,155,"spark_fast,quick_attack_fast","thunderbolt,discharge,swift,grass_knot",plusle_normal,,,,,
minun,マイナン,electric,,147,150,155,"spark_fast,quick_attack_fast","thunderbolt,discharge,swift,grass_knot",,,,,,
minun_normal,マイナン,electric,,147,150,155,"spark_fast,quick_attack_fast","thunderbolt,discharge,swift,grass_knot",minun_normal,,,,,
volbeat,バルビート,bug,,143,166,163,"struggle_bug_fast,tackle_fast","signal_beam,bug_buzz,thunderbolt",,,,,,
volbeat_normal,バルビート,bug,,143,166,163,"struggle_bug_fast,tackle_fast","signal_beam,bug_buzz,thunderbolt",volbeat_normal,,,,,
illumise,イルミーゼ,bug,,143,166,163,"struggle_bug_fast,tackle_fast","silver_wind,bug_buzz,dazzling_gleam",,,,,,
illumise_normal,イルミーゼ,bug,,143,166,163,"struggle_bug_fast,tackle_fast","silver_wind,bug_buzz,dazzling_gleam",illumise_normal,,,,,
roselia,ロゼリア,grass,poison,186,131,137,"poison_jab_fast,razor_leaf_fast,magical_leaf_fast","petal_blizzard,sludge_bomb,dazzling_gleam",,,,ROSERADE,BUDEW,
roselia_normal,ロゼリア,grass,poison,186,131,137,"poison_jab_fast,razor_leaf_fast,magical_leaf_fast","petal_blizzard,sludge_bomb,dazzling_gleam",roselia_normal,,,,,
gulpin,ゴクリン,poison,,80,99,172,"pound_fast,rock_smash_fast","sludge,gunk_shot,ice_beam",,,,SWALOT,,
gulpin_normal,ゴクリン,poison,,80,99,172,"pound_fast,rock_smash_fast","sludge,gunk_shot,ice_beam",gulpin_normal,,,,,
swalot,マルノーム,poison,,140,159,225,"rock_smash_fast,infestation_fast,mud_shot_fast","gunk_shot,sludge_bomb,ice_beam,acid_spray,sludge",,,,,GULPIN,
swalot_normal,マルノーム,poison,,140,159,225,"rock_smash_fast,infestation_fast,mud_shot_fast","gunk_shot,sludge_bomb,ice_beam,acid_spray,sludge",swalot_normal,,,,,
carvanha,キバニア,water,dark,171,39,128,"bite_fast,snarl_fast","aqua_jet,crunch,poison_fang",,,,SHARPEDO,,
carvanha_normal,キバニア,water,dark,171,39,128,"bite_fast,snarl_fast","aqua_jet,crunch,poison_fang",carvanha_normal,,,,,
sharpedo,サメハダー,water,dark,243,83,172,"bite_fast,waterfall_fast","hydro_pump,crunch,poison_fang",,,,,CARVANHA,
sharpedo_normal,サメハダー,water,dark,243,83,172,"bite_fast,waterfall_fast","hydro_pump,crunch,poison_fang",sharpedo_normal,,,,,
wailmer,ホエルコ,water,,136,68,277,"splash_fast,water_gun_fast,rollout_fast","heavy_slam,water_pulse,body_slam,scald",,,,WAILORD,,
wailmer_normal,ホエルコ,water,,136,68,277,"splash_fast,water_gun_fast,rollout_fast","heavy_slam,water_pulse,body_slam,scald",wailmer_normal,,,,,
wailord,ホエルオー,water,,175,87,347,"zen_headbutt_fast,water_gun_fast,rollout_fast","surf,blizzard,hyper_beam,scald",,,,,WAILMER,
wailord_normal,ホエルオー,water,,175,87,347,"zen_headbutt_fast,water_gun_fast,rollout_fast","surf,blizzard,hyper_beam,scald",wailord_normal,,,,,
numel,ドンメル,fire,ground,119,79,155,"ember_fast,tackle_fast","bulldoze,heat_wave,stomp",,,,CAMERUPT,,
numel_normal,ドンメル,fire,ground,119,79,155,"ember_fast,tackle_fast","bulldoze,heat_wave,stomp",numel_normal,,,,,
camerupt,バクーダ,fire,ground,194,136,172,"ember_fast,rock_smash_fast,incinerate_fast","earthquake,overheat,solar_beam,earth_power,scorching_sands,rock_tomb",,,,,NUMEL,
camerupt_normal,バクーダ,fire,ground,194,136,172,"ember_fast,rock_smash_fast,incinerate_fast","earthquake,overheat,solar_beam,earth_power,scorching_sands,rock_tomb",camerupt_normal,,,,,
torkoal,コータス,fire,,151,203,172,"fire_spin_fast,ember_fast","overheat,solar_beam,earthquake,flame_wheel",,,,,,
torkoal_normal,コータス,fire,,151,203,172,"fire_spin_fast,ember_fast","overheat,solar_beam,earthquake,flame_wheel",torkoal_normal,,,,,
spoink,バネブー,psychic,,125,122,155,"splash_fast,zen_headbutt_fast","psybeam,shadow_ball,mirror_coat",,,,GRUMPIG,,
spoink_normal,バネブー,psychic,,125,122,155,"splash_fast,zen_headbutt_fast","psybeam,shadow_ball,mirror_coat",spoink_normal,,,,,
grumpig,ブーピッグ,psychic,,171,188,190,"charge_beam_fast,extrasensory_fast,psywave_fast","psychic,shadow_ball,mirror_coat,dynamic_punch",,,,,SPOINK,
grumpig_normal,ブーピッグ,psychic,,171,188,190,"charge_beam_fast,extrasensory_fast,psywave_fast","psychic,shadow_ball,mirror_coat,dynamic_punch",grumpig_normal,,,,,
spinda,パッチール,normal,,116,116,155,"sucker_punch_fast,psycho_cut_fast","dig,rock_tomb,icy_wind",,,,,,
spinda_00,パッチール,normal,,116,116,155,"sucker_punch_fast,psycho_cut_fast","dig,rock_tomb,icy_wind",spinda_00,,,,,
spinda_01,パッチール,normal,,116,116,155,"sucker_punch_fast,psycho_cut_fast","dig,rock_tomb,icy_wind",spinda_01,,,,,
spinda_02,パッチール,normal,,116,116,155,"sucker_punch_fast,psycho_cut_fast","dig,rock_tomb,icy_wind",spinda_02,,,,,
spinda_03,パッチール,normal,,116,116,155,"sucker_punch_fast,psycho_cut_fast","dig,rock_tomb,icy_wind",spinda_03,,,,,
spinda_04,パッチール,normal,,116,116,155,"sucker_punch_fast,psycho_cut_fast","dig,rock_tomb,icy_wind",spinda_04,,,,,
spinda_05,パッチール,normal,,116,116,155,"sucker_punch_fast,psycho_cut_fast","dig,rock_tomb,icy_wind",spinda_05,,,,,
spinda_06,パッチール,normal,,116,116,155,"sucker_punch_fast,psycho_cut_fast","dig,rock_tomb,icy_wind",spinda_06,,,,,
spinda_07,パッチール,normal,,116,116,155,"sucker_punch_fast,psycho_cut_fast","dig,rock_tomb,icy_wind",spinda_07,,,,,
spinda_08,パッチール,normal,,116,116,155,"sucker_punch_fast,psycho_cut_fast","dig,rock_tomb,icy_wind",spinda_08,,,,,
spinda_09,パッチール,normal,,116,116,155,"sucker_punch_fast,psycho_cut_fast","dig,rock_tomb,icy_wind",spinda_09,,,,,
spinda_10,パッチール,normal,,116,116,155,"sucker_punch_fast,psycho_cut_fast","dig,rock_tomb,icy_wind",spinda_10,,,,,
spinda_11,パッチール,normal,,116,116,155,"sucker_punch_fast,psycho_cut_fast","dig,rock_tomb,icy_wind",spinda_11,,,,,
spinda_12,パッチール,normal,,116,116,155,"sucker_punch_fast,psycho_cut_fast","dig,rock_tomb,icy_wind",spinda_12,,,,,
spinda_13,パッチール,normal,,116,116,155,"sucker_punch_fast,psycho_cut_fast","dig,rock_tomb,icy_wind",spinda_13,,,,,
spinda_14,パッチール,normal,,116,116,155,"sucker_punch_fast,psycho_cut_fast","dig,rock_tomb,icy_wind",spinda_14,,,,,
spinda_15,パッチール,normal,,116,116,155,"sucker_punch_fast,psycho_cut_fast","dig,rock_tomb,icy_wind",spinda_15,,,,,
spinda_16,パッチール,normal,,116,116,155,"sucker_punch_fast,psycho_cut_fast","dig,rock_tomb,icy_wind",spinda_16,,,,,
spinda_17,パッチール,normal,,116,116,155,"sucker_punch_fast,psycho_cut_fast","dig,rock_tomb,icy_wind",spinda_17,,,,,
spinda_18,パッチール,normal,,116,116,155,"sucker_punch_fast,psycho_cut_fast","dig,rock_tomb,icy_wind",spinda_18,,,,,
spinda_19,パッチール,normal,,116,116,155,"sucker_punch_fast,psycho_cut_fast","dig,rock_tomb,icy_wind",spinda_19,,,,,
trapinch,ナックラー,ground,,162,78,128,"mud_shot_fast,struggle_bug_fast,sand_attack_fast","sand_tomb,dig,crunch,scorching_sands",,,,VIBRAVA,,
trapinch_normal,ナックラー,ground,,162,78,128,"mud_shot_fast,struggle_bug_fast,sand_attack_fast","sand_tomb,dig,crunch,scorching_sands",trapinch_normal,,,,,
vibrava,ビブラーバ,ground,dragon,134,99,137,"mud_shot_fast,dragon_breath_fast,sand_attack_fast","sand_tomb,bulldoze,bug_buzz,scorching_sands",,,,FLYGON,TRAPINCH,
vibrava_normal,ビブラーバ,ground,dragon,134,99,137,"mud_shot_fast,dragon_breath_fast,sand_attack_fast","sand_tomb,bulldoze,bug_buzz,scorching_sands",vibrava_normal,,,,,
flygon,フライゴン,ground,dragon,205,168,190,"mud_shot_fast,dragon_tail_fast,sand_attack_fast","earthquake,dragon_claw,stone_edge,boomburst,scorching_sands,sand_tomb,twister",,,earth_power,,VIBRAVA,
flygon_normal,フライゴン,ground,dragon,205,168,190,"mud_shot_fast,dragon_tail_fast,sand_attack_fast","earthquake,dragon_claw,stone_edge,boomburst,scorching_sands,sand_tomb,twister",flygon_normal,,,,,
cacnea,サボネア,grass,,156,74,137,"poison_sting_fast,sucker_punch_fast,sand_attack_fast","grass_knot,brick_break,seed_bomb,payback,trailblaze",,,,CACTURNE,,
cacnea_normal,サボネア,grass,,156,74,137,"poison_sting_fast,sucker_punch_fast,sand_attack_fast","grass_knot,brick_break,seed_bomb,payback,trailblaze",cacnea_normal,,,,,
cacturne,ノクタス,grass,dark,221,115,172,"poison_jab_fast,sucker_punch_fast,sand_attack_fast","dark_pulse,dynamic_punch,grass_knot,payback,trailblaze",,,,,CACNEA,
cacturne_normal,ノクタス,grass,dark,221,115,172,"poison_jab_fast,sucker_punch_fast,sand_attack_fast","dark_pulse,dynamic_punch,grass_knot,payback,trailblaze",cacturne_normal,,,,,
swablu,チルット,normal,flying,76,132,128,"peck_fast,astonish_fast","disarming_voice,aerial_ace,ice_beam",,,,ALTARIA,,
swablu_normal,チルット,normal,flying,76,132,128,"peck_fast,astonish_fast","disarming_voice,aerial_ace,ice_beam",swablu_normal,,,,,
altaria,チルタリス,dragon,flying,141,201,181,"peck_fast,dragon_breath_fast","sky_attack,dazzling_gleam,dragon_pulse,flamethrower",,,moonblast,,SWABLU,
altaria_normal,チルタリス,dragon,flying,141,201,181,"peck_fast,dragon_breath_fast","sky_attack,dazzling_gleam,dragon_pulse,flamethrower",altaria_normal,,,,,
zangoose,ザングース,normal,,222,124,177,"fury_cutter_fast,shadow_claw_fast","close_combat,night_slash,dig",,,,,,
zangoose_normal,ザングース,normal,,222,124,177,"fury_cutter_fast,shadow_claw_fast","close_combat,night_slash,dig",zangoose_normal,,,,,
seviper,ハブネーク,poison,,196,118,177,"poison_jab_fast,iron_tail_fast","poison_fang,crunch,wrap",,,,,,
seviper_normal,ハブネーク,poison,,196,118,177,"poison_jab_fast,iron_tail_fast","poison_fang,crunch,wrap",seviper_normal,,,,,
lunatone,ルナトーン,rock,psychic,178,153,207,"rock_throw_fast,confusion_fast,psywave_fast","psychic,rock_slide,moonblast,weather_ball_ice",,,,,,
lunatone_normal,ルナトーン,rock,psychic,178,153,207,"rock_throw_fast,confusion_fast,psywave_fast","psychic,rock_slide,moonblast,weather_ball_ice",lunatone_normal,,,,,
solrock,ソルロック,rock,psychic,178,153,207,"rock_throw_fast,confusion_fast,psywave_fast","psychic,rock_slide,solar_beam,weather_ball_fire",,,,,,
solrock_normal,ソルロック,rock,psychic,178,153,207,"rock_throw_fast,confusion_fast,psywave_fast","psychic,rock_slide,solar_beam,weather_ball_fire",solrock_normal,,,,,
barboach,ドジョッチ,water,ground,93,82,137,"water_gun_fast,mud_shot_fast","aqua_tail,ice_beam,mud_bomb,scald",,,,WHISCASH,,
barboach_normal,ドジョッチ,water,ground,93,82,137,"water_gun_fast,mud_shot_fast","aqua_tail,ice_beam,mud_bomb,scald",barboach_normal,,,,,
whiscash,ナマズン,water,ground,151,141,242,"water_gun_fast,mud_shot_fast","water_pulse,blizzard,mud_bomb,scald",,,,,BARBOACH,
whiscash_normal,ナマズン,water,ground,151,141,242,"water_gun_fast,mud_shot_fast","water_pulse,blizzard,mud_bomb,scald",whiscash_normal,,,,,
corphish,ヘイガニ,water,,141,99,125,"bubble_fast,rock_smash_fast","vice_grip,bubble_beam,aqua_jet,razor_shell,scald",,,,CRAWDAUNT,,
corphish_normal,ヘイガニ,water,,141,99,125,"bubble_fast,rock_smash_fast","vice_grip,bubble_beam,aqua_jet,razor_shell,scald",corphish_normal,,,,,
crawdaunt,シザリガー,water,dark,224,142,160,"waterfall_fast,snarl_fast","vice_grip,bubble_beam,night_slash,crabhammer,razor_shell,scald",,,,,CORPHISH,
crawdaunt_normal,シザリガー,water,dark,224,142,160,"waterfall_fast,snarl_fast","vice_grip,bubble_beam,night_slash,crabhammer,razor_shell,scald",crawdaunt_normal,,,,,
baltoy,ヤジロン,ground,psychic,77,124,120,"confusion_fast,extrasensory_fast","gyro_ball,psybeam,dig",,,,CLAYDOL,,
baltoy_normal,ヤジロン,ground,psychic,77,124,120,"confusion_fast,extrasensory_fast","gyro_ball,psybeam,dig",baltoy_normal,,,,,
claydol,ネンドール,ground,psychic,140,229,155,"extrasensory_fast,confusion_fast,mud_slap_fast","gyro_ball,psychic,earthquake,earth_power,ice_beam,shadow_ball,rock_tomb,scorching_sands",,,,,BALTOY,
claydol_normal,ネンドール,ground,psychic,140,229,155,"extrasensory_fast,confusion_fast,mud_slap_fast","gyro_ball,psychic,earthquake,earth_power,ice_beam,shadow_ball,rock_tomb,scorching_sands",claydol_normal,,,,,
lileep,リリーラ,rock,grass,105,150,165,"acid_fast,infestation_fast,bullet_seed_fast","grass_knot,mirror_coat,ancient_power",,,,CRADILY,,
lileep_normal,リリーラ,rock,grass,105,150,165,"acid_fast,infestation_fast,bullet_seed_fast","grass_knot,mirror_coat,ancient_power",lileep_normal,,,,,
cradily,ユレイドル,rock,grass,152,194,200,"acid_fast,infestation_fast,bullet_seed_fast","grass_knot,bulldoze,stone_edge,rock_slide,rock_tomb",,,,,LILEEP,
cradily_normal,ユレイドル,rock,grass,152,194,200,"acid_fast,infestation_fast,bullet_seed_fast","grass_knot,bulldoze,stone_edge,rock_slide,rock_tomb",cradily_normal,,,,,
anorith,アノプス,rock,bug,176,100,128,"struggle_bug_fast,scratch_fast","cross_poison,aqua_jet,ancient_power",,,,ARMALDO,,
anorith_normal,アノプス,rock,bug,176,100,128,"struggle_bug_fast,scratch_fast","cross_poison,aqua_jet,ancient_power",anorith_normal,,,,,
armaldo,アーマルド,rock,bug,222,174,181,"fury_cutter_fast,struggle_bug_fast","cross_poison,water_pulse,rock_blast,liquidation",,,,,ANORITH,
armaldo_normal,アーマルド,rock,bug,222,174,181,"fury_cutter_fast,struggle_bug_fast","cross_poison,water_pulse,rock_blast,liquidation",armaldo_normal,,,,,
feebas,ヒンバス,water,,29,85,85,"splash_fast,tackle_fast",mirror_coat,,,,MILOTIC,,
feebas_normal,ヒンバス,water,,29,85,85,"splash_fast,tackle_fast",mirror_coat,feebas_normal,,,,,
milotic,ミロカロス,water,,192,219,216,"waterfall_fast,dragon_tail_fast","surf,blizzard,hyper_beam,wrap,aqua_tail",,,,,FEEBAS,
milotic_normal,ミロカロス,water,,192,219,216,"waterfall_fast,dragon_tail_fast","surf,blizzard,hyper_beam,wrap,aqua_tail",milotic_normal,,,,,
castform,ポワルン,normal,,139,139,172,"tackle_fast,hex_fast","hurricane,energy_ball",,,,,,
castform_normal,ポワルン,normal,,139,139,172,"tackle_fast,hex_fast","hurricane,energy_ball,weather_ball_rock,weather_ball_normal",castform_normal,,,,,
castform_rainy,ポワルン,water,,139,139,172,"water_gun_fast,tackle_fast","hydro_pump,thunder,weather_ball_water",castform_rainy,,,,,
castform_snowy,ポワルン,ice,,139,139,172,"powder_snow_fast,tackle_fast","blizzard,ice_beam,weather_ball_ice",castform_snowy,,,,,
castform_sunny,ポワルン,fire,,139,139,172,"ember_fast,tackle_fast","fire_blast,solar_beam,weather_ball_fire",castform_sunny,,,,,
kecleon,カクレオン,normal,,161,189,155,"lick_fast,sucker_punch_fast","foul_play,flamethrower,thunder,ice_beam,aerial_ace,shadow_sneak",,,,,,
kecleon_normal,カクレオン,normal,,161,189,155,"lick_fast,sucker_punch_fast","foul_play,flamethrower,thunder,ice_beam,aerial_ace,shadow_sneak",kecleon_normal,,,,,
shuppet,カゲボウズ,ghost,,138,65,127,"feint_attack_fast,astonish_fast","ominous_wind,night_shade,shadow_sneak",,,,BANETTE,,
shuppet_normal,カゲボウズ,ghost,,138,65,127,"feint_attack_fast,astonish_fast","ominous_wind,night_shade,shadow_sneak",shuppet_normal,,,,,
banette,ジュペッタ,ghost,,218,126,162,"hex_fast,shadow_claw_fast","shadow_ball,dazzling_gleam,thunder",,,,,SHUPPET,
banette_normal,ジュペッタ,ghost,,218,126,162,"hex_fast,shadow_claw_fast","shadow_ball,dazzling_gleam,thunder",banette_normal,,,,,
duskull,ヨマワル,ghost,,70,162,85,"hex_fast,astonish_fast","ominous_wind,night_shade,shadow_sneak",,,,DUSCLOPS,,
duskull_normal,ヨマワル,ghost,,70,162,85,"hex_fast,astonish_fast","ominous_wind,night_shade,shadow_sneak",duskull_normal,,,,,
dusclops,サマヨール,ghost,,124,234,120,"hex_fast,feint_attack_fast","shadow_punch,ice_punch,fire_punch,poltergeist",,,,DUSKNOIR,DUSKULL,
dusclops_normal,サマヨール,ghost,,124,234,120,"hex_fast,feint_attack_fast","shadow_punch,ice_punch,fire_punch,poltergeist",dusclops_normal,,,,,
tropius,トロピウス,grass,flying,136,163,223,"air_slash_fast,razor_leaf_fast","stomp,aerial_ace,leaf_blade,brutal_swing",,,,,,
tropius_normal,トロピウス,grass,flying,136,163,223,"air_slash_fast,razor_leaf_fast","stomp,aerial_ace,leaf_blade,brutal_swing",tropius_normal,,,,,
chimecho,チリーン,psychic,,175,170,181,"extrasensory_fast,astonish_fast","energy_ball,shadow_ball,psyshock",,,,,CHINGLING,
chimecho_normal,チリーン,psychic,,175,170,181,"extrasensory_fast,astonish_fast","energy_ball,shadow_ball,psyshock",chimecho_normal,,,,,
absol,アブソル,dark,,246,120,163,"psycho_cut_fast,snarl_fast","dark_pulse,thunder,megahorn,payback",,,brutal_swing,,,
absol_normal,アブソル,dark,,246,120,163,"psycho_cut_fast,snarl_fast","dark_pulse,thunder,megahorn,payback",absol_normal,,,,,
wynaut,ソーナノ,psychic,,41,86,216,"splash_fast,counter_fast",mirror_coat,,,,WOBBUFFET,,
wynaut_normal,ソーナノ,psychic,,41,86,216,"splash_fast,counter_fast",mirror_coat,wynaut_normal,,,,,
snorunt,ユキワラシ,ice,,95,95,137,"powder_snow_fast,hex_fast","avalanche,icy_wind,shadow_ball",,,,"FROSLASS,GLALIE",,
snorunt_normal,ユキワラシ,ice,,95,95,137,"powder_snow_fast,hex_fast","avalanche,icy_wind,shadow_ball",snorunt_normal,,,,,
glalie,オニゴーリ,ice,,162,162,190,"ice_shard_fast,frost_breath_fast,rollout_fast,powder_snow_fast","avalanche,gyro_ball,shadow_ball",,,,,SNORUNT,
glalie_normal,オニゴーリ,ice,,162,162,190,"ice_shard_fast,frost_breath_fast,rollout_fast,powder_snow_fast","avalanche,gyro_ball,shadow_ball",glalie_normal,,,,,
spheal,タマザラシ,ice,water,95,90,172,"water_gun_fast,rock_smash_fast","aurora_beam,body_slam,water_pulse",,,,SEALEO,,
spheal_normal,タマザラシ,ice,water,95,90,172,"water_gun_fast,rock_smash_fast","aurora_beam,body_slam,water_pulse",spheal_normal,,,,,
sealeo,トドグラー,ice,water,137,132,207,"water_gun_fast,powder_snow_fast","aurora_beam,body_slam,water_pulse,surf",,,,WALREIN,SPHEAL,
sealeo_normal,トドグラー,ice,water,137,132,207,"water_gun_fast,powder_snow_fast","aurora_beam,body_slam,water_pulse,surf",sealeo_normal,,,,,
walrein,トドゼルガ,ice,water,182,176,242,"waterfall_fast,frost_breath_fast","blizzard,earthquake,water_pulse",,powder_snow_fast,icicle_spear,,SEALEO,
walrein_normal,トドゼルガ,ice,water,182,176,242,"waterfall_fast,frost_breath_fast","blizzard,earthquake,water_pulse",walrein_normal,,,,,
clamperl,パールル,water,,133,135,111,water_gun_fast,"body_slam,ice_beam,water_pulse",,,,"HUNTAIL,GOREBYSS",,
clamperl_normal,パールル,water,,133,135,111,water_gun_fast,"body_slam,ice_beam,water_pulse",clamperl_normal,,,,,
huntail,ハンテール,water,,197,179,146,"water_gun_fast,bite_fast","crunch,ice_beam,aqua_tail",,,,,CLAMPERL,
huntail_normal,ハンテール,water,,197,179,146,"water_gun_fast,bite_fast","crunch,ice_beam,aqua_tail",huntail_normal,,,,,
gorebyss,サクラビス,water,,211,179,146,"water_gun_fast,confusion_fast","draining_kiss,psychic,water_pulse",,,,,CLAMPERL,
gorebyss_normal,サクラビス,water,,211,179,146,"water_gun_fast,confusion_fast","draining_kiss,psychic,water_pulse",gorebyss_normal,,,,,
relicanth,ジーランス,water,rock,162,203,225,"water_gun_fast,zen_headbutt_fast","ancient_power,aqua_tail,hydro_pump",,,,,,
relicanth_normal,ジーランス,water,rock,162,203,225,"water_gun_fast,zen_headbutt_fast","ancient_power,aqua_tail,hydro_pump",relicanth_normal,,,,,
luvdisc,ラブカス,water,,81,128,125,"water_gun_fast,splash_fast","draining_kiss,water_pulse,aqua_jet",,,,,,
luvdisc_normal,ラブカス,water,,81,128,125,"water_gun_fast,splash_fast","draining_kiss,water_pulse,aqua_jet",luvdisc_normal,,,,,
bagon,タツベイ,dragon,,134,93,128,"bite_fast,ember_fast","flamethrower,twister,crunch",,,,SHELGON,,
bagon_normal,タツベイ,dragon,,134,93,128,"bite_fast,ember_fast","flamethrower,twister,crunch",bagon_normal,,,,,
shelgon,コモルー,dragon,,172,155,163,"ember_fast,dragon_breath_fast","flamethrower,dragon_pulse,twister,crunch",,,,SALAMENCE,BAGON,
shelgon_normal,コモルー,dragon,,172,155,163,"ember_fast,dragon_breath_fast","flamethrower,dragon_pulse,twister,crunch",shelgon_normal,,,,,
salamence,ボーマンダ,dragon,flying,277,168,216,"dragon_tail_fast,fire_fang_fast,bite_fast","fire_blast,hydro_pump,draco_meteor,fly,brutal_swing,crunch",,,outrage,,SHELGON,
salamence_normal,ボーマンダ,dragon,flying,277,168,216,"dragon_tail_fast,fire_fang_fast,bite_fast","fire_blast,hydro_pump,draco_meteor,fly,brutal_swing,crunch",salamence_normal,,,,,
beldum,ダンバル,steel,psychic,96,132,120,take_down_fast,iron_head,,,,METANG,,
beldum_normal,ダンバル,steel,psychic,96,132,120,take_down_fast,iron_head,beldum_normal,,,,,
metang,メタング,steel,psychic,138,176,155,"zen_headbutt_fast,metal_claw_fast,fury_cutter_fast","psychic,gyro_ball,psyshock",,,,METAGROSS,BELDUM,
metang_normal,メタング,steel,psychic,138,176,155,"zen_headbutt_fast,metal_claw_fast,fury_cutter_fast","psychic,gyro_ball,psyshock",metang_normal,,,,,
metagross,メタグロス,steel,psychic,257,228,190,"bullet_punch_fast,zen_headbutt_fast,fury_cutter_fast","psychic,flash_cannon,earthquake",,shadow_claw_fast,meteor_mash,,METANG,
metagross_normal,メタグロス,steel,psychic,257,228,190,"bullet_punch_fast,zen_headbutt_fast,fury_cutter_fast","psychic,flash_cannon,earthquake",metagross_normal,,,,,
regirock,レジロック,rock,,179,309,190,"rock_throw_fast,rock_smash_fast,lock_on_fast","stone_edge,zap_cannon,focus_blast",,,earthquake,,,
regirock_normal,レジロック,rock,,179,309,190,"rock_throw_fast,rock_smash_fast,lock_on_fast","stone_edge,zap_cannon,focus_blast",regirock_normal,,,,,
regice,レジアイス,ice,,179,309,190,"frost_breath_fast,rock_smash_fast,lock_on_fast","blizzard,earthquake,focus_blast",,,thunder,,,
regice_normal,レジアイス,ice,,179,309,190,"frost_breath_fast,rock_smash_fast,lock_on_fast","blizzard,earthquake,focus_blast",regice_normal,,,,,
registeel,レジスチル,steel,,143,285,190,"metal_claw_fast,rock_smash_fast,lock_on_fast","flash_cannon,hyper_beam,focus_blast",,,zap_cannon,,,
registeel_normal,レジスチル,steel,,143,285,190,"metal_claw_fast,rock_smash_fast,lock_on_fast","flash_cannon,hyper_beam,focus_blast",registeel_normal,,,,,
latias,ラティアス,dragon,psychic,228,246,190,"dragon_breath_fast,zen_headbutt_fast,charm_fast","psychic,outrage,thunder,aura_sphere",,,mist_ball,,,
latias_normal,ラティアス,dragon,psychic,228,246,190,"dragon_breath_fast,zen_headbutt_fast,charm_fast","psychic,outrage,thunder,aura_sphere",latias_normal,,,,,
latias_s,ラティアス,dragon,psychic,228,246,190,"dragon_breath_fast,zen_headbutt_fast,charm_fast","psychic,outrage,thunder,aura_sphere",latias_s,,,,,
latios,ラティオス,dragon,psychic,268,212,190,"dragon_breath_fast,zen_headbutt_fast","psychic,dragon_claw,solar_beam,aura_sphere",,,luster_purge,,,
latios_normal,ラティオス,dragon,psychic,268,212,190,"dragon_breath_fast,zen_headbutt_fast","psychic,dragon_claw,solar_beam,aura_sphere",latios_normal,,,,,
latios_s,ラティオス,dragon,psychic,268,212,190,"dragon_breath_fast,zen_headbutt_fast","psychic,dragon_claw,solar_beam,aura_sphere",latios_s,,,,,
kyogre,カイオーガ,water,,270,228,205,waterfall_fast,"hydro_pump,blizzard,thunder,surf,avalanche",,,origin_pulse,,,
kyogre_normal,カイオーガ,water,,270,228,205,waterfall_fast,"hydro_pump,blizzard,thunder,surf,avalanche",kyogre_normal,,,,,
groudon,グラードン,ground,,270,228,205,"mud_shot_fast,dragon_tail_fast","earthquake,fire_blast,solar_beam",,,"fire_punch,precipice_blades",,,
groudon_normal,グラードン,ground,,270,228,205,"mud_shot_fast,dragon_tail_fast","earthquake,fire_blast,solar_beam",groudon_normal,,,,,
rayquaza,レックウザ,dragon,flying,284,170,213,"air_slash_fast,dragon_tail_fast","outrage,aerial_ace,ancient_power",,,"hurricane,breaking_swipe",,,
rayquaza_normal,レックウザ,dragon,flying,284,170,213,"air_slash_fast,dragon_tail_fast","outrage,aerial_ace,ancient_power",rayquaza_normal,,,,,
jirachi,ジラーチ,steel,psychic,210,210,225,"confusion_fast,charge_beam_fast","dazzling_gleam,psychic,doom_desire,aura_sphere",,,,,,
jirachi_normal,ジラーチ,steel,psychic,210,210,225,"confusion_fast,charge_beam_fast","dazzling_gleam,psychic,doom_desire,aura_sphere",jirachi_normal,,,,,
deoxys,デオキシス,psychic,,345,115,137,"zen_headbutt_fast,charge_beam_fast","psycho_boost,zap_cannon,hyper_beam",,,,,,
deoxys_attack,デオキシス,psychic,,414,46,137,"zen_headbutt_fast,poison_jab_fast","psycho_boost,zap_cannon,dark_pulse",deoxys_attack,,,,,
deoxys_defense,デオキシス,psychic,,144,330,137,"zen_headbutt_fast,counter_fast","psycho_boost,thunderbolt,rock_slide",deoxys_defense,,,,,
deoxys_normal,デオキシス,psychic,,345,115,137,"zen_headbutt_fast,charge_beam_fast","psycho_boost,thunderbolt,hyper_beam",deoxys_normal,,,,,
deoxys_speed,デオキシス,psychic,,230,218,137,"zen_headbutt_fast,charge_beam_fast","psycho_boost,thunderbolt,swift",deoxys_speed,,,,,
turtwig,ナエトル,grass,,119,110,146,"tackle_fast,razor_leaf_fast","energy_ball,seed_bomb,body_slam",,,,GROTLE,,
turtwig_normal,ナエトル,grass,,119,110,146,"tackle_fast,razor_leaf_fast","energy_ball,seed_bomb,body_slam",turtwig_normal,,,,,
grotle,ハヤシガメ,grass,,157,143,181,"bite_fast,razor_leaf_fast","energy_ball,solar_beam,body_slam",,,,TORTERRA,TURTWIG,
grotle_normal,ハヤシガメ,grass,,157,143,181,"bite_fast,razor_leaf_fast","energy_ball,solar_beam,body_slam",grotle_normal,,,,,
torterra,ドダイトス,grass,ground,202,188,216,"bite_fast,razor_leaf_fast,mud_slap_fast","stone_edge,solar_beam,earthquake,sand_tomb",,,frenzy_plant,,GROTLE,
torterra_normal,ドダイトス,grass,ground,202,188,216,"bite_fast,razor_leaf_fast,mud_slap_fast","stone_edge,solar_beam,earthquake,sand_tomb",torterra_normal,,,,,
chimchar,ヒコザル,fire,,113,86,127,"ember_fast,scratch_fast","flame_wheel,flamethrower,flame_charge",,,,MONFERNO,,
chimchar_normal,ヒコザル,fire,,113,86,127,"ember_fast,scratch_fast","flame_wheel,flamethrower,flame_charge",chimchar_normal,,,,,
monferno,モウカザル,fire,fighting,158,105,162,"ember_fast,rock_smash_fast","flame_wheel,flamethrower,low_sweep",,,,INFERNAPE,CHIMCHAR,
monferno_normal,モウカザル,fire,fighting,158,105,162,"ember_fast,rock_smash_fast","flame_wheel,flamethrower,low_sweep",monferno_normal,,,,,
infernape,ゴウカザル,fire,fighting,222,151,183,"fire_spin_fast,rock_smash_fast","solar_beam,flamethrower,close_combat",,,blast_burn,,MONFERNO,
infernape_normal,ゴウカザル,fire,fighting,222,151,183,"fire_spin_fast,rock_smash_fast","solar_beam,flamethrower,close_combat",infernape_normal,,,,,
piplup,ポッチャマ,water,,112,102,142,"bubble_fast,pound_fast","bubble_beam,drill_peck,icy_wind",,,,PRINPLUP,,
piplup_normal,ポッチャマ,water,,112,102,142,"bubble_fast,pound_fast","bubble_beam,drill_peck,icy_wind",piplup_normal,,,,,
prinplup,ポッタイシ,water,,150,139,162,"bubble_fast,metal_claw_fast","bubble_beam,hydro_pump,icy_wind",,,,EMPOLEON,PIPLUP,
prinplup_normal,ポッタイシ,water,,150,139,162,"bubble_fast,metal_claw_fast","bubble_beam,hydro_pump,icy_wind",prinplup_normal,,,,,
empoleon,エンペルト,water,steel,210,186,197,"waterfall_fast,metal_claw_fast,steel_wing_fast,metal_sound_fast","hydro_pump,blizzard,flash_cannon,drill_peck",,,hydro_cannon,,PRINPLUP,
empoleon_normal,エンペルト,water,steel,210,186,197,"waterfall_fast,metal_claw_fast,steel_wing_fast,metal_sound_fast","hydro_pump,blizzard,flash_cannon,drill_peck",empoleon_normal,,,,,
starly,ムックル,normal,flying,101,58,120,"tackle_fast,quick_attack_fast,sand_attack_fast","aerial_ace,brave_bird,fly",,,,STARAVIA,,
starly_normal,ムックル,normal,flying,101,58,120,"tackle_fast,quick_attack_fast,sand_attack_fast","aerial_ace,brave_bird,fly",starly_normal,,,,,
staravia,ムクバード,normal,flying,142,94,146,"wing_attack_fast,quick_attack_fast,sand_attack_fast","aerial_ace,brave_bird,heat_wave,fly",,,,STARAPTOR,STARLY,
staravia_normal,ムクバード,normal,flying,142,94,146,"wing_attack_fast,quick_attack_fast,sand_attack_fast","aerial_ace,brave_bird,heat_wave,fly",staravia_normal,,,,,
staraptor,ムクホーク,normal,flying,234,140,198,"wing_attack_fast,quick_attack_fast,sand_attack_fast","brave_bird,heat_wave,close_combat,fly",,gust_fast,,,STARAVIA,
staraptor_normal,ムクホーク,normal,flying,234,140,198,"wing_attack_fast,quick_attack_fast,sand_attack_fast","brave_bird,heat_wave,close_combat,fly",staraptor_normal,,,,,
bidoof,ビッパ,normal,,80,73,153,"tackle_fast,take_down_fast","hyper_fang,crunch,grass_knot",,,"shadow_ball,thunderbolt,ice_beam,super_power",BIBAREL,,
bidoof_normal,ビッパ,normal,,80,73,153,"tackle_fast,take_down_fast","hyper_fang,crunch,grass_knot",bidoof_normal,,,,,
bibarel,ビーダル,normal,water,162,119,188,"water_gun_fast,take_down_fast,rollout_fast","hyper_fang,hyper_beam,surf",,,,,BIDOOF,
bibarel_normal,ビーダル,normal,water,162,119,188,"water_gun_fast,take_down_fast,rollout_fast","hyper_fang,hyper_beam,surf",bibarel_normal,,,,,
kricketot,コロボーシ,bug,,45,74,114,"struggle_bug_fast,bug_bite_fast",struggle,,,,KRICKETUNE,,
kricketot_normal,コロボーシ,bug,,45,74,114,"struggle_bug_fast,bug_bite_fast",struggle,kricketot_normal,,,,,
kricketune,コロトック,bug,,160,100,184,"struggle_bug_fast,fury_cutter_fast","bug_buzz,x_scissor,aerial_ace",,,,,KRICKETOT,
kricketune_normal,コロトック,bug,,160,100,184,"struggle_bug_fast,fury_cutter_fast","bug_buzz,x_scissor,aerial_ace",kricketune_normal,,,,,
shinx,コリンク,electric,,117,64,128,"tackle_fast,spark_fast","discharge,thunderbolt,swift",,,,LUXIO,,
shinx_normal,コリンク,electric,,117,64,128,"tackle_fast,spark_fast","discharge,thunderbolt,swift",shinx_normal,,,,,
luxio,ルクシオ,electric,,159,95,155,"spark_fast,bite_fast","thunderbolt,wild_charge,crunch",,,,LUXRAY,SHINX,
luxio_normal,ルクシオ,electric,,159,95,155,"spark_fast,bite_fast","thunderbolt,wild_charge,crunch",luxio_normal,,,,,
luxray,レントラー,electric,,232,156,190,"spark_fast,snarl_fast,hidden_power_fast","hyper_beam,wild_charge,crunch",,,psychic_fangs,,LUXIO,
luxray_normal,レントラー,electric,,232,156,190,"spark_fast,snarl_fast,hidden_power_fast","hyper_beam,wild_charge,crunch",luxray_normal,,,,,
budew,スボミー,grass,poison,91,109,120,"hidden_power_fast,razor_leaf_fast","energy_ball,grass_knot",,,,ROSELIA,,
budew_normal,スボミー,grass,poison,91,109,120,"hidden_power_fast,razor_leaf_fast","energy_ball,grass_knot",budew_normal,,,,,
roserade,ロズレイド,grass,poison,243,185,155,"poison_jab_fast,razor_leaf_fast,magical_leaf_fast,poison_sting_fast","solar_beam,sludge_bomb,dazzling_gleam,grass_knot,leaf_storm",,bullet_seed_fast,weather_ball_fire,,ROSELIA,
roserade_normal,ロズレイド,grass,poison,243,185,155,"poison_jab_fast,razor_leaf_fast,magical_leaf_fast,poison_sting_fast","solar_beam,sludge_bomb,dazzling_gleam,grass_knot,leaf_storm",roserade_normal,,,,,
cranidos,ズガイドス,rock,,218,71,167,"zen_headbutt_fast,take_down_fast","rock_tomb,ancient_power,bulldoze",,,,RAMPARDOS,,
cranidos_normal,ズガイドス,rock,,218,71,167,"zen_headbutt_fast,take_down_fast","rock_tomb,ancient_power,bulldoze",cranidos_normal,,,,,
rampardos,ラムパルド,rock,,295,109,219,"zen_headbutt_fast,smack_down_fast","rock_slide,outrage,flamethrower",,,,,CRANIDOS,
rampardos_normal,ラムパルド,rock,,295,109,219,"zen_headbutt_fast,smack_down_fast","rock_slide,outrage,flamethrower",rampardos_normal,,,,,
shieldon,タテトプス,rock,steel,76,195,102,"tackle_fast,iron_tail_fast","rock_tomb,ancient_power,heavy_slam",,,,BASTIODON,,
shieldon_normal,タテトプス,rock,steel,76,195,102,"tackle_fast,iron_tail_fast","rock_tomb,ancient_power,heavy_slam",shieldon_normal,,,,,
bastiodon,トリデプス,rock,steel,94,286,155,"smack_down_fast,iron_tail_fast","stone_edge,flamethrower,flash_cannon",,,,,SHIELDON,
bastiodon_normal,トリデプス,rock,steel,94,286,155,"smack_down_fast,iron_tail_fast","stone_edge,flamethrower,flash_cannon",bastiodon_normal,,,,,
burmy,ミノムッチ,bug,,53,83,120,"tackle_fast,bug_bite_fast",struggle,,,,"WORMADAM,MOTHIM",,
burmy_plant,ミノムッチ,bug,,53,83,120,"tackle_fast,bug_bite_fast",struggle,burmy_plant,,,,,
burmy_sandy,ミノムッチ,bug,,53,83,120,"tackle_fast,bug_bite_fast",struggle,burmy_sandy,,,,,
burmy_trash,ミノムッチ,bug,,53,83,120,"tackle_fast,bug_bite_fast",struggle,burmy_trash,,,,,
wormadam,ミノマダム,bug,grass,141,180,155,"tackle_fast,bug_bite_fast",struggle,,,,,BURMY,
wormadam_plant,ミノマダム,bug,grass,141,180,155,"confusion_fast,bug_bite_fast,sucker_punch_fast","psybeam,energy_ball,bug_buzz",wormadam_plant,,,,,
wormadam_sandy,ミノマダム,bug,ground,141,180,155,"confusion_fast,bug_bite_fast,sucker_punch_fast","psybeam,bulldoze,bug_buzz",wormadam_sandy,,,,,
wormadam_trash,ミノマダム,bug,steel,127,175,155,"confusion_fast,bug_bite_fast,metal_sound_fast,sucker_punch_fast","psybeam,iron_head,bug_buzz",wormadam_trash,,,,,
mothim,ガーメイル,bug,flying,185,98,172,"air_slash_fast,bug_bite_fast","psybeam,aerial_ace,bug_buzz",,,,,BURMY,
mothim_normal,ガーメイル,bug,flying,185,98,172,"air_slash_fast,bug_bite_fast","psybeam,aerial_ace,bug_buzz",mothim_normal,,,,,
combee,ミツハニー,bug,flying,59,83,102,bug_bite_fast,bug_buzz,,,,VESPIQUEN,,
combee_normal,ミツハニー,bug,flying,59,83,102,bug_bite_fast,bug_buzz,combee_normal,,,,,
vespiquen,ビークイン,bug,flying,149,190,172,"bug_bite_fast,poison_sting_fast,fury_cutter_fast,air_slash_fast","bug_buzz,power_gem,x_scissor,fell_stinger,signal_beam",,,,,COMBEE,
vespiquen_normal,ビークイン,bug,flying,149,190,172,"bug_bite_fast,poison_sting_fast,fury_cutter_fast,air_slash_fast","bug_buzz,power_gem,x_scissor,fell_stinger,signal_beam",vespiquen_normal,,,,,
pachirisu,パチリス,electric,,94,172,155,"spark_fast,volt_switch_fast","thunder,thunderbolt,thunder_punch,hyper_fang",,,,,,
pachirisu_normal,パチリス,electric,,94,172,155,"spark_fast,volt_switch_fast","thunder,thunderbolt,thunder_punch,hyper_fang",pachirisu_normal,,,,,
buizel,ブイゼル,water,,132,67,146,"water_gun_fast,quick_attack_fast","aqua_jet,water_pulse,swift",,,,FLOATZEL,,
buizel_normal,ブイゼル,water,,132,67,146,"water_gun_fast,quick_attack_fast","aqua_jet,water_pulse,swift",buizel_normal,,,,,
floatzel,フローゼル,water,,221,114,198,"water_gun_fast,waterfall_fast","aqua_jet,hydro_pump,swift,liquidation",,,,,BUIZEL,
floatzel_normal,フローゼル,water,,221,114,198,"water_gun_fast,waterfall_fast","aqua_jet,hydro_pump,swift,liquidation",floatzel_normal,,,,,
cherubi,チェリンボ,grass,,108,92,128,"tackle_fast,bullet_seed_fast","dazzling_gleam,petal_blizzard,seed_bomb",,,,"CHERRIM,CHERRIM",,
cherubi_normal,チェリンボ,grass,,108,92,128,"tackle_fast,bullet_seed_fast","dazzling_gleam,petal_blizzard,seed_bomb",cherubi_normal,,,,,
cherrim,チェリム,grass,,170,153,172,"razor_leaf_fast,bullet_seed_fast","dazzling_gleam,hyper_beam,solar_beam",,,,,CHERUBI,
cherrim_overcast,チェリム,grass,,170,153,172,"razor_leaf_fast,bullet_seed_fast","dazzling_gleam,hyper_beam,solar_beam",cherrim_overcast,,,,,
cherrim_sunny,チェリム,grass,,170,153,172,"razor_leaf_fast,bullet_seed_fast","dazzling_gleam,hyper_beam,solar_beam,weather_ball_fire",cherrim_sunny,,,,,
shellos,カラナクシ,water,,103,105,183,"mud_slap_fast,hidden_power_fast","water_pulse,mud_bomb,body_slam",,,,GASTRODON,,
shellos_east_sea,カラナクシ,water,,103,105,183,"mud_slap_fast,hidden_power_fast","water_pulse,mud_bomb,body_slam",shellos_east_sea,,,,,
shellos_west_sea,カラナクシ,water,,103,105,183,"mud_slap_fast,hidden_power_fast","water_pulse,mud_bomb,body_slam",shellos_west_sea,,,,,
gastrodon,トリトドン,water,ground,169,143,244,"mud_slap_fast,hidden_power_fast","water_pulse,earth_power,body_slam,earthquake",,,,,SHELLOS,
gastrodon_east_sea,トリトドン,water,ground,169,143,244,"mud_slap_fast,hidden_power_fast","water_pulse,earth_power,body_slam,earthquake",gastrodon_east_sea,,,,,
gastrodon_west_sea,トリトドン,water,ground,169,143,244,"mud_slap_fast,hidden_power_fast","water_pulse,earth_power,body_slam,earthquake",gastrodon_west_sea,,,,,
ambipom,エテボース,normal,,205,143,181,"scratch_fast,astonish_fast","low_sweep,hyper_beam,aerial_ace",,,,,AIPOM,
ambipom_normal,エテボース,normal,,205,143,181,"scratch_fast,astonish_fast","low_sweep,hyper_beam,aerial_ace",ambipom_normal,,,,,
drifloon,フワンテ,ghost,flying,117,80,207,"hex_fast,astonish_fast","ominous_wind,icy_wind,shadow_ball",,,,DRIFBLIM,,
drifloon_normal,フワンテ,ghost,flying,117,80,207,"hex_fast,astonish_fast","ominous_wind,icy_wind,shadow_ball",drifloon_normal,,,,,
drifblim,フワライド,ghost,flying,180,102,312,"hex_fast,astonish_fast","ominous_wind,icy_wind,shadow_ball,mystical_fire",,,,,DRIFLOON,
drifblim_normal,フワライド,ghost,flying,180,102,312,"hex_fast,astonish_fast","ominous_wind,icy_wind,shadow_ball,mystical_fire",drifblim_normal,,,,,
buneary,ミミロル,normal,,130,105,146,"pound_fast,quick_attack_fast","fire_punch,swift",,,,LOPUNNY,,
buneary_normal,ミミロル,normal,,130,105,146,"pound_fast,quick_attack_fast","fire_punch,swift",buneary_normal,,,,,
lopunny,ミミロップ,normal,,156,194,163,"pound_fast,low_kick_fast,double_kick_fast","fire_punch,hyper_beam,focus_blast,triple_axel",,,,,BUNEARY,
lopunny_normal,ミミロップ,normal,,156,194,163,"pound_fast,low_kick_fast,double_kick_fast","fire_punch,hyper_beam,focus_blast,triple_axel",lopunny_normal,,,,,
mismagius,ムウマージ,ghost,,211,187,155,"sucker_punch_fast,hex_fast,magical_leaf_fast,psywave_fast","shadow_ball,dark_pulse,dazzling_gleam",,,,,MISDREAVUS,
mismagius_normal,ムウマージ,ghost,,211,187,155,"sucker_punch_fast,hex_fast,magical_leaf_fast,psywave_fast","shadow_ball,dark_pulse,dazzling_gleam",mismagius_normal,,,,,
honchkrow,ドンカラス,dark,flying,243,103,225,"peck_fast,snarl_fast","brave_bird,psychic,dark_pulse,sky_attack",,,,,MURKROW,
honchkrow_normal,ドンカラス,dark,flying,243,103,225,"peck_fast,snarl_fast","brave_bird,psychic,dark_pulse,sky_attack",honchkrow_normal,,,,,
glameow,ニャルマー,normal,,109,82,135,"scratch_fast,quick_attack_fast","play_rough,thunderbolt,aerial_ace",,,,PURUGLY,,
glameow_normal,ニャルマー,normal,,109,82,135,"scratch_fast,quick_attack_fast","play_rough,thunderbolt,aerial_ace",glameow_normal,,,,,
purugly,ブニャット,normal,,172,133,174,"scratch_fast,shadow_claw_fast","play_rough,thunder,aerial_ace",,,,,GLAMEOW,
purugly_normal,ブニャット,normal,,172,133,174,"scratch_fast,shadow_claw_fast","play_rough,thunder,aerial_ace",purugly_normal,,,,,
chingling,リーシャン,psychic,,114,94,128,"zen_headbutt_fast,astonish_fast","wrap,shadow_ball,psyshock",,,,CHIMECHO,,
chingling_normal,リーシャン,psychic,,114,94,128,"zen_headbutt_fast,astonish_fast","wrap,shadow_ball,psyshock",chingling_normal,,,,,
stunky,スカンプー,poison,dark,121,90,160,"scratch_fast,bite_fast","crunch,flamethrower,sludge_bomb,trailblaze",,,,SKUNTANK,,
stunky_normal,スカンプー,poison,dark,121,90,160,"scratch_fast,bite_fast","crunch,flamethrower,sludge_bomb,trailblaze",stunky_normal,,,,,
skuntank,スカタンク,poison,dark,184,132,230,"poison_jab_fast,bite_fast","crunch,flamethrower,sludge_bomb,trailblaze",,,,,STUNKY,
skuntank_normal,スカタンク,poison,dark,184,132,230,"poison_jab_fast,bite_fast","crunch,flamethrower,sludge_bomb,trailblaze",skuntank_normal,,,,,
bronzor,ドーミラー,steel,psychic,43,154,149,"tackle_fast,confusion_fast","gyro_ball,psyshock,heavy_slam,payback",,,,BRONZONG,,
bronzor_normal,ドーミラー,steel,psychic,43,154,149,"tackle_fast,confusion_fast","gyro_ball,psyshock,heavy_slam,payback",bronzor_normal,,,,,
bronzong,ドータクン,steel,psychic,161,213,167,"feint_attack_fast,confusion_fast,metal_sound_fast","flash_cannon,psychic,heavy_slam,bulldoze,psyshock,payback,weather_ball_water",,,,,BRONZOR,
bronzong_normal,ドータクン,steel,psychic,161,213,167,"feint_attack_fast,confusion_fast,metal_sound_fast","flash_cannon,psychic,heavy_slam,bulldoze,psyshock,payback,weather_ball_water",bronzong_normal,,,,,
bonsly,ウソハチ,rock,,124,133,137,"rock_throw_fast,counter_fast","rock_tomb,earthquake,rock_slide",,,,SUDOWOODO,,
bonsly_normal,ウソハチ,rock,,124,133,137,"rock_throw_fast,counter_fast","rock_tomb,earthquake,rock_slide",bonsly_normal,,,,,
mime_jr,マネネ,psychic,fairy,125,142,85,"confusion_fast,pound_fast","psybeam,psychic,psyshock",,,,MR_MIME,,
mime_jr_normal,マネネ,psychic,fairy,125,142,85,"confusion_fast,pound_fast","psybeam,psychic,psyshock",mime_jr_normal,,,,,
happiny,ピンプク,normal,,25,77,225,"pound_fast,zen_headbutt_fast",psychic,,,,CHANSEY,,
happiny_normal,ピンプク,normal,,25,77,225,"pound_fast,zen_headbutt_fast",psychic,happiny_normal,,,,,
chatot,ペラップ,normal,flying,183,91,183,"peck_fast,steel_wing_fast","night_shade,sky_attack,heat_wave",,,,,,
chatot_normal,ペラップ,normal,flying,183,91,183,"peck_fast,steel_wing_fast","night_shade,sky_attack,heat_wave",chatot_normal,,,,,
spiritomb,ミカルゲ,ghost,dark,169,199,137,"feint_attack_fast,sucker_punch_fast","shadow_sneak,ominous_wind,shadow_ball,rock_tomb",,,,,,
spiritomb_normal,ミカルゲ,ghost,dark,169,199,137,"feint_attack_fast,sucker_punch_fast","shadow_sneak,ominous_wind,shadow_ball,rock_tomb",spiritomb_normal,,,,,
gible,フカマル,dragon,ground,124,84,151,"take_down_fast,mud_shot_fast","dig,twister,body_slam",,,,GABITE,,
gible_normal,フカマル,dragon,ground,124,84,151,"take_down_fast,mud_shot_fast","dig,twister,body_slam",gible_normal,,,,,
gabite,ガバイト,dragon,ground,172,125,169,"take_down_fast,mud_shot_fast","dig,twister,flamethrower",,,,GARCHOMP,GIBLE,
gabite_normal,ガバイト,dragon,ground,172,125,169,"take_down_fast,mud_shot_fast","dig,twister,flamethrower",gabite_normal,,,,,
garchomp,ガブリアス,dragon,ground,261,193,239,"dragon_tail_fast,mud_shot_fast","outrage,earthquake,fire_blast,sand_tomb,breaking_swipe,twister",,,earth_power,,GABITE,
garchomp_normal,ガブリアス,dragon,ground,261,193,239,"dragon_tail_fast,mud_shot_fast","outrage,earthquake,fire_blast,sand_tomb,breaking_swipe,twister",garchomp_normal,,,,,
munchlax,ゴンベ,normal,,137,117,286,"tackle_fast,lick_fast","gunk_shot,body_slam,bulldoze",,,,SNORLAX,,
munchlax_normal,ゴンベ,normal,,137,117,286,"tackle_fast,lick_fast","gunk_shot,body_slam,bulldoze",munchlax_normal,,,,,
riolu,リオル,fighting,,127,78,120,"counter_fast,quick_attack_fast","brick_break,low_sweep,cross_chop,blaze_kick,thunder_punch",,,,LUCARIO,,
riolu_normal,リオル,fighting,,127,78,120,"counter_fast,quick_attack_fast","brick_break,low_sweep,cross_chop,blaze_kick,thunder_punch",riolu_normal,,,,,
lucario,ルカリオ,fighting,steel,236,144,172,"counter_fast,bullet_punch_fast","flash_cannon,shadow_ball,close_combat,power_up_punch,aura_sphere,blaze_kick,thunder_punch,meteor_mash",,force_palm_fast,,,RIOLU,
lucario_normal,ルカリオ,fighting,steel,236,144,172,"counter_fast,bullet_punch_fast","flash_cannon,shadow_ball,close_combat,power_up_punch,aura_sphere,blaze_kick,thunder_punch,meteor_mash",lucario_normal,,,,,
hippopotas,ヒポポタス,ground,,124,118,169,"tackle_fast,bite_fast,sand_attack_fast","dig,rock_tomb,body_slam",,,,HIPPOWDON,,
hippopotas_normal,ヒポポタス,ground,,124,118,169,"tackle_fast,bite_fast,sand_attack_fast","dig,rock_tomb,body_slam",hippopotas_normal,,,,,
hippowdon,カバルドン,ground,,201,191,239,"fire_fang_fast,bite_fast,thunder_fang_fast,ice_fang_fast,sand_attack_fast","earthquake,stone_edge,body_slam,earth_power,weather_ball_rock,scorching_sands",,,,,HIPPOPOTAS,
hippowdon_normal,カバルドン,ground,,201,191,239,"fire_fang_fast,bite_fast,thunder_fang_fast,ice_fang_fast,sand_attack_fast","earthquake,stone_edge,body_slam,earth_power,weather_ball_rock,scorching_sands",hippowdon_normal,,,,,
skorupi,スコルピ,poison,bug,93,151,120,"poison_sting_fast,infestation_fast","cross_poison,aqua_tail,sludge_bomb",,,,DRAPION,,
skorupi_normal,スコルピ,poison,bug,93,151,120,"poison_sting_fast,infestation_fast","cross_poison,aqua_tail,sludge_bomb",skorupi_normal,,,,,
drapion,ドラピオン,poison,dark,180,202,172,"poison_sting_fast,infestation_fast,bite_fast,ice_fang_fast","crunch,aqua_tail,sludge_bomb,fell_stinger",,,,,SKORUPI,
drapion_normal,ドラピオン,poison,dark,180,202,172,"poison_sting_fast,infestation_fast,bite_fast,ice_fang_fast","crunch,aqua_tail,sludge_bomb,fell_stinger",drapion_normal,,,,,
croagunk,グレッグル,poison,fighting,116,76,134,"poison_sting_fast,poison_jab_fast,mud_shot_fast","brick_break,low_sweep,sludge_bomb",,,,TOXICROAK,,
croagunk_normal,グレッグル,poison,fighting,116,76,134,"poison_sting_fast,poison_jab_fast,mud_shot_fast","brick_break,low_sweep,sludge_bomb",croagunk_normal,,,,,
toxicroak,ドクロッグ,poison,fighting,211,133,195,"poison_jab_fast,counter_fast,mud_shot_fast,poison_sting_fast","dynamic_punch,mud_bomb,sludge_bomb,shadow_ball,drain_punch",,,,,CROAGUNK,
toxicroak_normal,ドクロッグ,poison,fighting,211,133,195,"poison_jab_fast,counter_fast,mud_shot_fast,poison_sting_fast","dynamic_punch,mud_bomb,sludge_bomb,shadow_ball,drain_punch",toxicroak_normal,,,,,
carnivine,マスキッパ,grass,,187,136,179,"bite_fast,vine_whip_fast","power_whip,energy_ball,crunch",,,,,,
carnivine_normal,マスキッパ,grass,,187,136,179,"bite_fast,vine_whip_fast","power_whip,energy_ball,crunch",carnivine_normal,,,,,
finneon,ケイコウオ,water,,96,116,135,"pound_fast,water_gun_fast","water_pulse,ice_beam,silver_wind",,,,LUMINEON,,
finneon_normal,ケイコウオ,water,,96,116,135,"pound_fast,water_gun_fast","water_pulse,ice_beam,silver_wind",finneon_normal,,,,,
lumineon,ネオラント,water,,142,170,170,"waterfall_fast,water_gun_fast","water_pulse,blizzard,silver_wind,aqua_tail",,,,,FINNEON,
lumineon_normal,ネオラント,water,,142,170,170,"waterfall_fast,water_gun_fast","water_pulse,blizzard,silver_wind,aqua_tail",lumineon_normal,,,,,
mantyke,タマンタ,water,flying,105,179,128,"bubble_fast,tackle_fast","water_pulse,ice_beam,aerial_ace",,,,MANTINE,,
mantyke_normal,タマンタ,water,flying,105,179,128,"bubble_fast,tackle_fast","water_pulse,ice_beam,aerial_ace",mantyke_normal,,,,,
snover,ユキカブリ,grass,ice,115,105,155,"powder_snow_fast,ice_shard_fast,leafage_fast","ice_beam,energy_ball,stomp",,,,ABOMASNOW,,
snover_normal,ユキカブリ,grass,ice,115,105,155,"powder_snow_fast,ice_shard_fast,leafage_fast","ice_beam,energy_ball,stomp",snover_normal,,,,,
abomasnow,ユキノオー,grass,ice,178,158,207,"powder_snow_fast,razor_leaf_fast,leafage_fast","blizzard,energy_ball,outrage,weather_ball_ice,icy_wind",,,,,SNOVER,
abomasnow_normal,ユキノオー,grass,ice,178,158,207,"powder_snow_fast,razor_leaf_fast,leafage_fast","blizzard,energy_ball,outrage,weather_ball_ice,icy_wind",abomasnow_normal,,,,,
weavile,マニューラ,dark,ice,243,171,172,"ice_shard_fast,feint_attack_fast,snarl_fast","avalanche,focus_blast,foul_play,triple_axel",,,,,SNEASEL,
weavile_normal,マニューラ,dark,ice,243,171,172,"ice_shard_fast,feint_attack_fast,snarl_fast","avalanche,focus_blast,foul_play,triple_axel",weavile_normal,,,,,
magnezone,ジバコイル,electric,steel,238,205,172,"spark_fast,charge_beam_fast,volt_switch_fast,metal_sound_fast","zap_cannon,wild_charge,flash_cannon,mirror_shot",,,,,MAGNETON,
magnezone_normal,ジバコイル,electric,steel,238,205,172,"spark_fast,charge_beam_fast,volt_switch_fast,metal_sound_fast","zap_cannon,wild_charge,flash_cannon,mirror_shot",magnezone_normal,,,,,
lickilicky,ベロベルト,normal,,161,181,242,"lick_fast,zen_headbutt_fast,rollout_fast","hyper_beam,earthquake,solar_beam,shadow_ball",,,body_slam,,LICKITUNG,
lickilicky_normal,ベロベルト,normal,,161,181,242,"lick_fast,zen_headbutt_fast,rollout_fast","hyper_beam,earthquake,solar_beam,shadow_ball",lickilicky_normal,,,,,
rhyperior,ドサイドン,ground,rock,241,190,251,"mud_slap_fast,smack_down_fast","surf,earthquake,stone_edge,skull_bash,super_power,breaking_swipe",,,rock_wrecker,,RHYDON,
rhyperior_normal,ドサイドン,ground,rock,241,190,251,"mud_slap_fast,smack_down_fast","surf,earthquake,stone_edge,skull_bash,super_power,breaking_swipe",rhyperior_normal,,,,,
tangrowth,モジャンボ,grass,,207,184,225,"vine_whip_fast,infestation_fast","ancient_power,sludge_bomb,solar_beam,power_whip,rock_slide",,,,,TANGELA,
tangrowth_normal,モジャンボ,grass,,207,184,225,"vine_whip_fast,infestation_fast","ancient_power,sludge_bomb,solar_beam,power_whip,rock_slide",tangrowth_normal,,,,,
electivire,エレキブル,electric,,249,163,181,"thunder_shock_fast,low_kick_fast","thunder_punch,wild_charge,thunder,ice_punch",,,flamethrower,,ELECTABUZZ,
electivire_normal,エレキブル,electric,,249,163,181,"thunder_shock_fast,low_kick_fast","thunder_punch,wild_charge,thunder,ice_punch",electivire_normal,,,,,
magmortar,ブーバーン,fire,,247,172,181,"fire_spin_fast,karate_chop_fast","brick_break,fire_punch,fire_blast,psychic,scorching_sands",,,thunderbolt,,MAGMAR,
magmortar_normal,ブーバーン,fire,,247,172,181,"fire_spin_fast,karate_chop_fast","brick_break,fire_punch,fire_blast,psychic,scorching_sands",magmortar_normal,,,,,
togekiss,トゲキッス,fairy,flying,225,217,198,"air_slash_fast,hidden_power_fast,charm_fast,peck_fast","ancient_power,dazzling_gleam,aerial_ace,flamethrower,psyshock",,,aura_sphere,,TOGETIC,
togekiss_normal,トゲキッス,fairy,flying,225,217,198,"air_slash_fast,hidden_power_fast,charm_fast,peck_fast","ancient_power,dazzling_gleam,aerial_ace,flamethrower,psyshock",togekiss_normal,,,,,
yanmega,メガヤンマ,bug,flying,231,156,200,"bug_bite_fast,wing_attack_fast","ancient_power,aerial_ace,bug_buzz",,,,,YANMA,
yanmega_normal,メガヤンマ,bug,flying,231,156,200,"bug_bite_fast,wing_attack_fast","ancient_power,aerial_ace,bug_buzz",yanmega_normal,,,,,
leafeon,リーフィア,grass,,216,219,163,"razor_leaf_fast,quick_attack_fast","solar_beam,leaf_blade,energy_ball",,bullet_seed_fast,last_resort,,EEVEE,
leafeon_normal,リーフィア,grass,,216,219,163,"razor_leaf_fast,quick_attack_fast","solar_beam,leaf_blade,energy_ball",leafeon_normal,,,,,
glaceon,グレイシア,ice,,238,205,163,"ice_shard_fast,frost_breath_fast","avalanche,icy_wind,ice_beam",,,"last_resort,water_pulse",,EEVEE,
glaceon_normal,グレイシア,ice,,238,205,163,"ice_shard_fast,frost_breath_fast","avalanche,icy_wind,ice_beam",glaceon_normal,,,,,
gliscor,グライオン,ground,flying,185,222,181,"fury_cutter_fast,wing_attack_fast,sand_attack_fast","earthquake,aerial_ace,night_slash,sand_tomb,acrobatics",,,,,GLIGAR,
gliscor_normal,グライオン,ground,flying,185,222,181,"fury_cutter_fast,wing_attack_fast,sand_attack_fast","earthquake,aerial_ace,night_slash,sand_tomb,acrobatics",gliscor_normal,,,,,
mamoswine,マンムー,ice,ground,247,146,242,"mud_slap_fast,powder_snow_fast","avalanche,bulldoze,stone_edge,high_horsepower,icicle_spear",,,ancient_power,,PILOSWINE,
mamoswine_normal,マンムー,ice,ground,247,146,242,"mud_slap_fast,powder_snow_fast","avalanche,bulldoze,stone_edge,high_horsepower,icicle_spear",mamoswine_normal,,,,,
porygon_z,ポリゴンz,normal,,264,150,198,"hidden_power_fast,charge_beam_fast,lock_on_fast","solar_beam,hyper_beam,zap_cannon,blizzard",,,tri_attack,,PORYGON2,
porygon_z_normal,ポリゴンz,normal,,264,150,198,"hidden_power_fast,charge_beam_fast,lock_on_fast","solar_beam,hyper_beam,zap_cannon,blizzard",porygon_z_normal,,,,,
gallade,エルレイド,psychic,fighting,237,195,169,"confusion_fast,low_kick_fast,charm_fast,psycho_cut_fast","close_combat,psychic,leaf_blade",,,synchronoise,,KIRLIA,
gallade_normal,エルレイド,psychic,fighting,237,195,169,"confusion_fast,low_kick_fast,charm_fast,psycho_cut_fast","close_combat,psychic,leaf_blade",gallade_normal,,,,,
probopass,ダイノーズ,rock,steel,135,275,155,"rock_throw_fast,spark_fast","magnet_bomb,rock_slide,thunderbolt,zap_cannon",,,,,NOSEPASS,
probopass_normal,ダイノーズ,rock,steel,135,275,155,"rock_throw_fast,spark_fast","magnet_bomb,rock_slide,thunderbolt,zap_cannon",probopass_normal,,,,,
dusknoir,ヨノワール,ghost,,180,254,128,"hex_fast,astonish_fast","ominous_wind,psychic,dark_pulse,poltergeist,shadow_punch,dynamic_punch",,,shadow_ball,,DUSCLOPS,
dusknoir_normal,ヨノワール,ghost,,180,254,128,"hex_fast,astonish_fast","ominous_wind,psychic,dark_pulse,poltergeist,shadow_punch,dynamic_punch",dusknoir_normal,,,,,
froslass,ユキメノコ,ice,ghost,171,150,172,"powder_snow_fast,hex_fast","avalanche,crunch,shadow_ball,triple_axel",,,,,SNORUNT,
froslass_normal,ユキメノコ,ice,ghost,171,150,172,"powder_snow_fast,hex_fast","avalanche,crunch,shadow_ball,triple_axel",froslass_normal,,,,,
rotom,ロトム,electric,ghost,185,159,137,"astonish_fast,thunder_shock_fast","ominous_wind,thunderbolt,thunder",,,,,,
rotom_fan,ロトム,electric,flying,204,219,137,"astonish_fast,air_slash_fast","ominous_wind,thunderbolt,thunder",rotom_fan,,,,,
rotom_frost,ロトム,electric,ice,204,219,137,"astonish_fast,thunder_shock_fast","blizzard,thunderbolt,thunder",rotom_frost,,,,,
rotom_heat,ロトム,electric,fire,204,219,137,"astonish_fast,thunder_shock_fast","overheat,thunderbolt,thunder",rotom_heat,,,,,
rotom_mow,ロトム,electric,grass,204,219,137,"astonish_fast,thunder_shock_fast","ominous_wind,thunderbolt,thunder,leaf_storm",rotom_mow,,,,,
rotom_normal,ロトム,electric,ghost,185,159,137,"astonish_fast,thunder_shock_fast","ominous_wind,thunderbolt,thunder",rotom_normal,,,,,
rotom_wash,ロトム,electric,water,204,219,137,"astonish_fast,thunder_shock_fast","hydro_pump,thunderbolt,thunder",rotom_wash,,,,,
uxie,ユクシー,psychic,,156,270,181,"confusion_fast,extrasensory_fast","futuresight,swift,thunder",,,,,,
uxie_normal,ユクシー,psychic,,156,270,181,"confusion_fast,extrasensory_fast","futuresight,swift,thunder",uxie_normal,,,,,
mesprit,エムリット,psychic,,212,212,190,"confusion_fast,extrasensory_fast","futuresight,swift,blizzard",,,,,,
mesprit_normal,エムリット,psychic,,212,212,190,"confusion_fast,extrasensory_fast","futuresight,swift,blizzard",mesprit_normal,,,,,
azelf,アグノム,psychic,,270,151,181,"confusion_fast,extrasensory_fast","futuresight,swift,fire_blast",,,,,,
azelf_normal,アグノム,psychic,,270,151,181,"confusion_fast,extrasensory_fast","futuresight,swift,fire_blast",azelf_normal,,,,,
dialga,ディアルガ,steel,dragon,275,211,205,"dragon_breath_fast,metal_claw_fast","draco_meteor,iron_head,thunder",,,,,,
dialga_normal,ディアルガ,steel,dragon,275,211,205,"dragon_breath_fast,metal_claw_fast","draco_meteor,iron_head,thunder",dialga_normal,,,,,
dialga_origin,ディアルガ,steel,dragon,270,225,205,"dragon_breath_fast,metal_claw_fast","draco_meteor,iron_head,thunder",dialga_origin,,,,,
palkia,パルキア,water,dragon,280,215,189,"dragon_breath_fast,dragon_tail_fast","draco_meteor,fire_blast,hydro_pump,aqua_tail",,,,,,
palkia_normal,パルキア,water,dragon,280,215,189,"dragon_breath_fast,dragon_tail_fast","draco_meteor,fire_blast,hydro_pump,aqua_tail",palkia_normal,,,,,
palkia_origin,パルキア,water,dragon,286,223,189,"dragon_breath_fast,dragon_tail_fast","draco_meteor,fire_blast,hydro_pump,aqua_tail",palkia_origin,,,,,
heatran,ヒードラン,fire,steel,251,213,209,"fire_spin_fast,bug_bite_fast","fire_blast,iron_head,stone_edge,flamethrower,earth_power",,,magma_storm,,,
heatran_normal,ヒードラン,fire,steel,251,213,209,"fire_spin_fast,bug_bite_fast","fire_blast,iron_head,stone_edge,flamethrower,earth_power",heatran_normal,,,,,
regigigas,レジギガス,normal,,287,210,221,"zen_headbutt_fast,hidden_power_fast","giga_impact,focus_blast,thunder",,,crush_grip,,,
regigigas_normal,レジギガス,normal,,287,210,221,"zen_headbutt_fast,hidden_power_fast","giga_impact,focus_blast,thunder",regigigas_normal,,,,,
giratina,ギラティナ,ghost,dragon,187,225,284,"dragon_breath_fast,shadow_claw_fast","dragon_claw,ancient_power,shadow_sneak",,,shadow_force,,,
giratina_altered,ギラティナ,ghost,dragon,187,225,284,"dragon_breath_fast,shadow_claw_fast","dragon_claw,ancient_power,shadow_sneak",giratina_altered,,,,,
giratina_origin,ギラティナ,ghost,dragon,225,187,284,"dragon_tail_fast,shadow_claw_fast","dragon_pulse,ominous_wind,shadow_ball",giratina_origin,,,,,
cresselia,クレセリア,psychic,,152,258,260,"psycho_cut_fast,confusion_fast","aurora_beam,moonblast,futuresight",,,grass_knot,,,
cresselia_normal,クレセリア,psychic,,152,258,260,"psycho_cut_fast,confusion_fast","aurora_beam,moonblast,futuresight",cresselia_normal,,,,,
phione,フィオネ,water,,162,162,190,"waterfall_fast,bubble_fast","bubble_beam,water_pulse,surf",,,,,,
phione_normal,フィオネ,water,,162,162,190,"waterfall_fast,bubble_fast","bubble_beam,water_pulse,surf",phione_normal,,,,,
manaphy,マナフィ,water,,210,210,225,"waterfall_fast,bubble_fast","bubble_beam,psychic,surf",,,,,,
manaphy_normal,マナフィ,water,,210,210,225,"waterfall_fast,bubble_fast","bubble_beam,psychic,surf",manaphy_normal,,,,,
darkrai,ダークライ,dark,,285,198,172,"snarl_fast,feint_attack_fast","focus_blast,shadow_ball,dark_pulse",,,sludge_bomb,,,
darkrai_normal,ダークライ,dark,,285,198,172,"snarl_fast,feint_attack_fast","focus_blast,shadow_ball,dark_pulse",darkrai_normal,,,,,
shaymin,シェイミ,grass,,210,210,225,"hidden_power_fast,zen_headbutt_fast","energy_ball,grass_knot,solar_beam,seed_flare",,,,,,
shaymin_land,シェイミ,grass,,210,210,225,"hidden_power_fast,zen_headbutt_fast","energy_ball,grass_knot,solar_beam,seed_flare",shaymin_land,,,,,
shaymin_sky,シェイミ,grass,flying,261,166,225,"hidden_power_fast,zen_headbutt_fast,magical_leaf_fast","energy_ball,grass_knot,solar_beam,seed_flare",shaymin_sky,,,,,
arceus,アルセウス,normal,,238,238,237,"iron_tail_fast,shadow_claw_fast","futuresight,hyper_beam,outrage",,,,,,
arceus_bug,アルセウス,bug,,238,238,237,"iron_tail_fast,shadow_claw_fast","futuresight,hyper_beam,outrage",arceus_bug,,,,,
arceus_dark,アルセウス,dark,,238,238,237,"iron_tail_fast,shadow_claw_fast","futuresight,hyper_beam,outrage",arceus_dark,,,,,
arceus_dragon,アルセウス,dragon,,238,238,237,"iron_tail_fast,shadow_claw_fast","futuresight,hyper_beam,outrage",arceus_dragon,,,,,
arceus_electric,アルセウス,electric,,238,238,237,"iron_tail_fast,shadow_claw_fast","futuresight,hyper_beam,outrage",arceus_electric,,,,,
arceus_fairy,アルセウス,fairy,,238,238,237,"iron_tail_fast,shadow_claw_fast","futuresight,hyper_beam,outrage",arceus_fairy,,,,,
arceus_fighting,アルセウス,fighting,,238,238,237,"iron_tail_fast,shadow_claw_fast","futuresight,hyper_beam,outrage",arceus_fighting,,,,,
arceus_fire,アルセウス,fire,,238,238,237,"iron_tail_fast,shadow_claw_fast","futuresight,hyper_beam,outrage",arceus_fire,,,,,
arceus_flying,アルセウス,flying,,238,238,237,"iron_tail_fast,shadow_claw_fast","futuresight,hyper_beam,outrage",arceus_flying,,,,,
arceus_ghost,アルセウス,ghost,,238,238,237,"iron_tail_fast,shadow_claw_fast","futuresight,hyper_beam,outrage",arceus_ghost,,,,,
arceus_grass,アルセウス,grass,,238,238,237,"iron_tail_fast,shadow_claw_fast","futuresight,hyper_beam,outrage",arceus_grass,,,,,
arceus_ground,アルセウス,ground,,238,238,237,"iron_tail_fast,shadow_claw_fast","futuresight,hyper_beam,outrage",arceus_ground,,,,,
arceus_ice,アルセウス,ice,,238,238,237,"iron_tail_fast,shadow_claw_fast","futuresight,hyper_beam,outrage",arceus_ice,,,,,
arceus_normal,アルセウス,normal,,238,238,237,"iron_tail_fast,shadow_claw_fast","futuresight,hyper_beam,outrage",arceus_normal,,,,,
arceus_poison,アルセウス,poison,,238,238,237,"iron_tail_fast,shadow_claw_fast","futuresight,hyper_beam,outrage",arceus_poison,,,,,
arceus_psychic,アルセウス,psychic,,238,238,237,"iron_tail_fast,shadow_claw_fast","futuresight,hyper_beam,outrage",arceus_psychic,,,,,
arceus_rock,アルセウス,rock,,238,238,237,"iron_tail_fast,shadow_claw_fast","futuresight,hyper_beam,outrage",arceus_rock,,,,,
arceus_steel,アルセウス,steel,,238,238,237,"iron_tail_fast,shadow_claw_fast","futuresight,hyper_beam,outrage",arceus_steel,,,,,
arceus_water,アルセウス,water,,238,238,237,"iron_tail_fast,shadow_claw_fast","futuresight,hyper_beam,outrage",arceus_water,,,,,
victini,ビクティニ,psychic,fire,210,210,225,"confusion_fast,quick_attack_fast","overheat,focus_blast,psychic,v_create,psyshock",,,,,,
victini_normal,ビクティニ,psychic,fire,210,210,225,"confusion_fast,quick_attack_fast","overheat,focus_blast,psychic,v_create,psyshock",victini_normal,,,,,
snivy,ツタージャ,grass,,88,107,128,"tackle_fast,vine_whip_fast","energy_ball,seed_bomb,wrap",,,,SERVINE,,
snivy_normal,ツタージャ,grass,,88,107,128,"tackle_fast,vine_whip_fast","energy_ball,seed_bomb,wrap",snivy_normal,,,,,
servine,ジャノビー,grass,,122,152,155,"iron_tail_fast,vine_whip_fast","grass_knot,leaf_tornado,wrap",,,,SERPERIOR,SNIVY,
servine_normal,ジャノビー,grass,,122,152,155,"iron_tail_fast,vine_whip_fast","grass_knot,leaf_tornado,wrap",servine_normal,,,,,
serperior,ジャローダ,grass,,161,204,181,"iron_tail_fast,vine_whip_fast","grass_knot,leaf_tornado,aerial_ace",,,frenzy_plant,,SERVINE,
serperior_normal,ジャローダ,grass,,161,204,181,"iron_tail_fast,vine_whip_fast","grass_knot,leaf_tornado,aerial_ace",serperior_normal,,,,,
tepig,ポカブ,fire,,115,85,163,"tackle_fast,ember_fast","flame_charge,flamethrower,body_slam",,,,PIGNITE,,
tepig_normal,ポカブ,fire,,115,85,163,"tackle_fast,ember_fast","flame_charge,flamethrower,body_slam",tepig_normal,,,,,
pignite,チャオブー,fire,fighting,173,106,207,"tackle_fast,ember_fast","flame_charge,flamethrower,rock_tomb",,,,EMBOAR,TEPIG,
pignite_normal,チャオブー,fire,fighting,173,106,207,"tackle_fast,ember_fast","flame_charge,flamethrower,rock_tomb",pignite_normal,,,,,
emboar,エンブオー,fire,fighting,235,127,242,"low_kick_fast,ember_fast","heat_wave,rock_slide,focus_blast,flame_charge",,,blast_burn,,PIGNITE,
emboar_normal,エンブオー,fire,fighting,235,127,242,"low_kick_fast,ember_fast","heat_wave,rock_slide,focus_blast,flame_charge",emboar_normal,,,,,
oshawott,ミジュマル,water,,117,85,146,"tackle_fast,water_gun_fast","aqua_tail,water_pulse,night_slash",,,,DEWOTT,,
oshawott_normal,ミジュマル,water,,117,85,146,"tackle_fast,water_gun_fast","aqua_tail,water_pulse,night_slash",oshawott_normal,,,,,
dewott,フタチマル,water,,159,116,181,"fury_cutter_fast,water_gun_fast","aqua_tail,water_pulse,x_scissor",,,,SAMUROTT,OSHAWOTT,
dewott_normal,フタチマル,water,,159,116,181,"fury_cutter_fast,water_gun_fast","aqua_tail,water_pulse,x_scissor",dewott_normal,,,,,
samurott,ダイケンキ,water,,212,157,216,"fury_cutter_fast,waterfall_fast","hydro_pump,blizzard,megahorn,razor_shell,liquidation",,,hydro_cannon,,DEWOTT,
samurott_hisuian,ダイケンキ,water,dark,218,152,207,"waterfall_fast,fury_cutter_fast,snarl_fast","razor_shell,icy_wind,x_scissor,dark_pulse,sacred_sword",samurott_hisuian,,,,,
samurott_normal,ダイケンキ,water,,212,157,216,"fury_cutter_fast,waterfall_fast","hydro_pump,blizzard,megahorn,razor_shell,liquidation",samurott_normal,,,,,
patrat,ミネズミ,normal,,98,73,128,"tackle_fast,bite_fast","dig,hyper_fang,grass_knot",,,,WATCHOG,,
patrat_normal,ミネズミ,normal,,98,73,128,"tackle_fast,bite_fast","dig,hyper_fang,grass_knot",patrat_normal,,,,,
watchog,ミルホッグ,normal,,165,139,155,"low_kick_fast,bite_fast","crunch,hyper_fang,grass_knot",,,,,PATRAT,
watchog_normal,ミルホッグ,normal,,165,139,155,"low_kick_fast,bite_fast","crunch,hyper_fang,grass_knot",watchog_normal,,,,,
lillipup,ヨーテリー,normal,,107,86,128,"tackle_fast,take_down_fast,sand_attack_fast","thunderbolt,rock_tomb,dig",,,,HERDIER,,
lillipup_normal,ヨーテリー,normal,,107,86,128,"tackle_fast,take_down_fast,sand_attack_fast","thunderbolt,rock_tomb,dig",lillipup_normal,,,,,
herdier,ハーデリア,normal,,145,126,163,"lick_fast,take_down_fast,sand_attack_fast","thunderbolt,play_rough,dig",,,,STOUTLAND,LILLIPUP,
herdier_normal,ハーデリア,normal,,145,126,163,"lick_fast,take_down_fast,sand_attack_fast","thunderbolt,play_rough,dig",herdier_normal,,,,,
stoutland,ムーランド,normal,,206,182,198,"lick_fast,take_down_fast,ice_fang_fast,sand_attack_fast","wild_charge,play_rough,crunch",,,,,HERDIER,
stoutland_normal,ムーランド,normal,,206,182,198,"lick_fast,take_down_fast,ice_fang_fast,sand_attack_fast","wild_charge,play_rough,crunch",stoutland_normal,,,,,
purrloin,チョロネコ,dark,,98,73,121,"scratch_fast,sucker_punch_fast","night_slash,play_rough,dark_pulse",,,,LIEPARD,,
purrloin_normal,チョロネコ,dark,,98,73,121,"scratch_fast,sucker_punch_fast","night_slash,play_rough,dark_pulse",purrloin_normal,,,,,
liepard,レパルダス,dark,,187,106,162,"charm_fast,snarl_fast","gunk_shot,play_rough,dark_pulse,payback",,,,,PURRLOIN,
liepard_normal,レパルダス,dark,,187,106,162,"charm_fast,snarl_fast","gunk_shot,play_rough,dark_pulse,payback",liepard_normal,,,,,
pansage,ヤナップ,grass,,104,94,137,"scratch_fast,vine_whip_fast","energy_ball,seed_bomb,crunch",,,,SIMISAGE,,
pansage_normal,ヤナップ,grass,,104,94,137,"scratch_fast,vine_whip_fast","energy_ball,seed_bomb,crunch",pansage_normal,,,,,
simisage,ヤナッキー,grass,,206,133,181,"bite_fast,vine_whip_fast","solar_beam,grass_knot,crunch",,,,,PANSAGE,
simisage_normal,ヤナッキー,grass,,206,133,181,"bite_fast,vine_whip_fast","solar_beam,grass_knot,crunch",simisage_normal,,,,,
pansear,バオップ,fire,,104,94,137,"scratch_fast,fire_spin_fast","flame_burst,flame_charge,crunch",,,,SIMISEAR,,
pansear_normal,バオップ,fire,,104,94,137,"scratch_fast,fire_spin_fast","flame_burst,flame_charge,crunch",pansear_normal,,,,,
simisear,バオッキー,fire,,206,133,181,"bite_fast,fire_spin_fast","flamethrower,fire_blast,crunch",,,,,PANSEAR,
simisear_normal,バオッキー,fire,,206,133,181,"bite_fast,fire_spin_fast","flamethrower,fire_blast,crunch",simisear_normal,,,,,
panpour,ヒヤップ,water,,104,94,137,"scratch_fast,water_gun_fast","surf,water_pulse,crunch",,,,SIMIPOUR,,
panpour_normal,ヒヤップ,water,,104,94,137,"scratch_fast,water_gun_fast","surf,water_pulse,crunch",panpour_normal,,,,,
simipour,ヒヤッキー,water,,206,133,181,"bite_fast,water_gun_fast","surf,hydro_pump,crunch",,,,,PANPOUR,
simipour_normal,ヒヤッキー,water,,206,133,181,"bite_fast,water_gun_fast","surf,hydro_pump,crunch",simipour_normal,,,,,
munna,ムンナ,psychic,,111,92,183,"zen_headbutt_fast,charge_beam_fast","psybeam,dazzling_gleam,psyshock",,,,MUSHARNA,,
munna_normal,ムンナ,psychic,,111,92,183,"zen_headbutt_fast,charge_beam_fast","psybeam,dazzling_gleam,psyshock",munna_normal,,,,,
musharna,ムシャーナ,psychic,,183,166,253,"zen_headbutt_fast,charge_beam_fast","futuresight,dazzling_gleam,psyshock",,,,,MUNNA,
musharna_normal,ムシャーナ,psychic,,183,166,253,"zen_headbutt_fast,charge_beam_fast","futuresight,dazzling_gleam,psyshock",musharna_normal,,,,,
pidove,マメパト,normal,flying,98,80,137,"quick_attack_fast,air_slash_fast","heat_wave,aerial_ace,air_cutter",,,,TRANQUILL,,
pidove_normal,マメパト,normal,flying,98,80,137,"quick_attack_fast,air_slash_fast","heat_wave,aerial_ace,air_cutter",pidove_normal,,,,,
tranquill,ハトーボー,normal,flying,144,107,158,"air_slash_fast,steel_wing_fast","heat_wave,aerial_ace,sky_attack",,,,UNFEZANT,PIDOVE,
tranquill_normal,ハトーボー,normal,flying,144,107,158,"air_slash_fast,steel_wing_fast","heat_wave,aerial_ace,sky_attack",tranquill_normal,,,,,
unfezant,ケンホロウ,normal,flying,226,146,190,"air_slash_fast,steel_wing_fast","heat_wave,hyper_beam,sky_attack",,,,,TRANQUILL,
unfezant_normal,ケンホロウ,normal,flying,226,146,190,"air_slash_fast,steel_wing_fast","heat_wave,hyper_beam,sky_attack",unfezant_normal,,,,,
blitzle,シママ,electric,,118,64,128,"quick_attack_fast,spark_fast","flame_charge,discharge,thunderbolt",,,,ZEBSTRIKA,,
blitzle_normal,シママ,electric,,118,64,128,"quick_attack_fast,spark_fast","flame_charge,discharge,thunderbolt",blitzle_normal,,,,,
zebstrika,ゼブライカ,electric,,211,136,181,"low_kick_fast,spark_fast","flame_charge,discharge,wild_charge",,,,,BLITZLE,
zebstrika_normal,ゼブライカ,electric,,211,136,181,"low_kick_fast,spark_fast","flame_charge,discharge,wild_charge",zebstrika_normal,,,,,
roggenrola,ダンゴロ,rock,,121,110,146,"tackle_fast,smack_down_fast","bulldoze,rock_blast,stone_edge",,,,BOLDORE,,
roggenrola_normal,ダンゴロ,rock,,121,110,146,"tackle_fast,smack_down_fast","bulldoze,rock_blast,stone_edge",roggenrola_normal,,,,,
boldore,ガントル,rock,,174,143,172,"mud_slap_fast,smack_down_fast","rock_slide,bulldoze,stone_edge",,,,GIGALITH,ROGGENROLA,
boldore_normal,ガントル,rock,,174,143,172,"mud_slap_fast,smack_down_fast","rock_slide,bulldoze,stone_edge",boldore_normal,,,,,
gigalith,ギガイアス,rock,,226,201,198,"mud_slap_fast,smack_down_fast","rock_slide,solar_beam,super_power,heavy_slam",,,meteor_beam,,BOLDORE,
gigalith_normal,ギガイアス,rock,,226,201,198,"mud_slap_fast,smack_down_fast","rock_slide,solar_beam,super_power,heavy_slam",gigalith_normal,,,,,
woobat,コロモリ,psychic,flying,107,85,163,"confusion_fast,air_slash_fast","air_cutter,aerial_ace,psyshock",,,,SWOOBAT,,
woobat_normal,コロモリ,psychic,flying,107,85,163,"confusion_fast,air_slash_fast","air_cutter,aerial_ace,psyshock",woobat_normal,,,,,
swoobat,ココロモリ,psychic,flying,161,119,167,"confusion_fast,air_slash_fast","psychic,aerial_ace,futuresight,psychic_fangs,fly",,,,,WOOBAT,
swoobat_normal,ココロモリ,psychic,flying,161,119,167,"confusion_fast,air_slash_fast","psychic,aerial_ace,futuresight,psychic_fangs,fly",swoobat_normal,,,,,
drilbur,モグリュー,ground,,154,85,155,"scratch_fast,mud_slap_fast","rock_tomb,dig,drill_run",,,,EXCADRILL,,
drilbur_normal,モグリュー,ground,,154,85,155,"scratch_fast,mud_slap_fast","rock_tomb,dig,drill_run",drilbur_normal,,,,,
excadrill,ドリュウズ,ground,steel,255,129,242,"metal_claw_fast,mud_slap_fast,mud_shot_fast","rock_slide,earthquake,drill_run,iron_head,scorching_sands",,,,,DRILBUR,
excadrill_normal,ドリュウズ,ground,steel,255,129,242,"metal_claw_fast,mud_slap_fast,mud_shot_fast","rock_slide,earthquake,drill_run,iron_head,scorching_sands",excadrill_normal,,,,,
audino,タブンネ,normal,,114,163,230,"pound_fast,zen_headbutt_fast","disarming_voice,dazzling_gleam,hyper_beam,body_slam",,,,,,
audino_normal,タブンネ,normal,,114,163,230,"pound_fast,zen_headbutt_fast","disarming_voice,dazzling_gleam,hyper_beam,body_slam",audino_normal,,,,,
timburr,ドッコラー,fighting,,134,87,181,"low_kick_fast,pound_fast","low_sweep,brick_break,rock_tomb",,,,GURDURR,,
timburr_normal,ドッコラー,fighting,,134,87,181,"low_kick_fast,pound_fast","low_sweep,brick_break,rock_tomb",timburr_normal,,,,,
gurdurr,ドテッコツ,fighting,,180,134,198,"low_kick_fast,poison_jab_fast","low_sweep,brick_break,stone_edge",,,,CONKELDURR,TIMBURR,
gurdurr_normal,ドテッコツ,fighting,,180,134,198,"low_kick_fast,poison_jab_fast","low_sweep,brick_break,stone_edge",gurdurr_normal,,,,,
conkeldurr,ローブシン,fighting,,243,158,233,"counter_fast,poison_jab_fast","dynamic_punch,focus_blast,stone_edge",,,brutal_swing,,GURDURR,
conkeldurr_normal,ローブシン,fighting,,243,158,233,"counter_fast,poison_jab_fast","dynamic_punch,focus_blast,stone_edge",conkeldurr_normal,,,,,
tympole,オタマロ,water,,98,78,137,"mud_shot_fast,bubble_fast","water_pulse,mud_bomb,sludge_wave",,,,PALPITOAD,,
tympole_normal,オタマロ,water,,98,78,137,"mud_shot_fast,bubble_fast","water_pulse,mud_bomb,sludge_wave",tympole_normal,,,,,
palpitoad,ガマガル,water,ground,128,109,181,"mud_shot_fast,bubble_fast","water_pulse,earth_power,sludge_wave",,,,SEISMITOAD,TYMPOLE,
palpitoad_normal,ガマガル,water,ground,128,109,181,"mud_shot_fast,bubble_fast","water_pulse,earth_power,sludge_wave",palpitoad_normal,,,,,
seismitoad,ガマゲロゲ,water,ground,188,150,233,"mud_shot_fast,bubble_fast","muddy_water,earth_power,sludge_bomb",,,,,PALPITOAD,
seismitoad_normal,ガマゲロゲ,water,ground,188,150,233,"mud_shot_fast,bubble_fast","muddy_water,earth_power,sludge_bomb",seismitoad_normal,,,,,
throh,ナゲキ,fighting,,172,160,260,"low_kick_fast,zen_headbutt_fast","focus_blast,low_sweep,body_slam,brick_break",,,,,,
throh_normal,ナゲキ,fighting,,172,160,260,"low_kick_fast,zen_headbutt_fast","focus_blast,low_sweep,body_slam,brick_break",throh_normal,,,,,
sawk,ダゲキ,fighting,,231,153,181,"low_kick_fast,poison_jab_fast","focus_blast,low_sweep,body_slam,brick_break",,,,,,
sawk_normal,ダゲキ,fighting,,231,153,181,"low_kick_fast,poison_jab_fast","focus_blast,low_sweep,body_slam,brick_break",sawk_normal,,,,,
sewaddle,クルミル,bug,grass,96,124,128,"struggle_bug_fast,bug_bite_fast","energy_ball,seed_bomb,silver_wind",,,,SWADLOON,,
sewaddle_normal,クルミル,bug,grass,96,124,128,"struggle_bug_fast,bug_bite_fast","energy_ball,seed_bomb,silver_wind",sewaddle_normal,,,,,
swadloon,クルマユ,bug,grass,115,162,146,"struggle_bug_fast,bug_bite_fast","energy_ball,bug_buzz,silver_wind",,,,LEAVANNY,SEWADDLE,
swadloon_normal,クルマユ,bug,grass,115,162,146,"struggle_bug_fast,bug_bite_fast","energy_ball,bug_buzz,silver_wind",swadloon_normal,,,,,
leavanny,ハハコモリ,bug,grass,205,165,181,"razor_leaf_fast,bug_bite_fast","leaf_blade,x_scissor,silver_wind,leaf_storm",,shadow_claw_fast,,,SWADLOON,
leavanny_normal,ハハコモリ,bug,grass,205,165,181,"razor_leaf_fast,bug_bite_fast","leaf_blade,x_scissor,silver_wind,leaf_storm",leavanny_normal,,,,,
venipede,フシデ,bug,poison,83,99,102,"bug_bite_fast,poison_sting_fast","signal_beam,sludge_bomb,gyro_ball",,,,WHIRLIPEDE,,
venipede_normal,フシデ,bug,poison,83,99,102,"bug_bite_fast,poison_sting_fast","signal_beam,sludge_bomb,gyro_ball",venipede_normal,,,,,
whirlipede,ホイーガ,bug,poison,100,173,120,"bug_bite_fast,poison_sting_fast","signal_beam,sludge_bomb,gyro_ball",,,,SCOLIPEDE,VENIPEDE,
whirlipede_normal,ホイーガ,bug,poison,100,173,120,"bug_bite_fast,poison_sting_fast","signal_beam,sludge_bomb,gyro_ball",whirlipede_normal,,,,,
scolipede,ペンドラー,bug,poison,203,175,155,"bug_bite_fast,poison_jab_fast,poison_sting_fast","megahorn,sludge_bomb,gyro_ball,x_scissor,aqua_tail",,,,,WHIRLIPEDE,
scolipede_normal,ペンドラー,bug,poison,203,175,155,"bug_bite_fast,poison_jab_fast,poison_sting_fast","megahorn,sludge_bomb,gyro_ball,x_scissor,aqua_tail",scolipede_normal,,,,,
cottonee,モンメン,grass,fairy,71,111,120,"charm_fast,razor_leaf_fast","energy_ball,seed_bomb,grass_knot",,,,WHIMSICOTT,,
cottonee_normal,モンメン,grass,fairy,71,111,120,"charm_fast,razor_leaf_fast","energy_ball,seed_bomb,grass_knot",cottonee_normal,,,,,
whimsicott,エルフーン,grass,fairy,164,176,155,"charm_fast,razor_leaf_fast,fairy_wind_fast","grass_knot,hurricane,moonblast,seed_bomb",,,,,COTTONEE,
whimsicott_normal,エルフーン,grass,fairy,164,176,155,"charm_fast,razor_leaf_fast,fairy_wind_fast","grass_knot,hurricane,moonblast,seed_bomb",whimsicott_normal,,,,,
petilil,チュリネ,grass,,119,91,128,"charm_fast,hidden_power_fast","energy_ball,seed_bomb",,,,LILLIGANT,,
petilil_normal,チュリネ,grass,,119,91,128,"charm_fast,hidden_power_fast","energy_ball,seed_bomb",petilil_normal,,,,,
lilligant,ドレディア,grass,,214,155,172,"charm_fast,hidden_power_fast,magical_leaf_fast","petal_blizzard,hyper_beam,solar_beam",,,,,PETILIL,
lilligant_hisuian,ドレディア,grass,fighting,208,159,172,"magical_leaf_fast,bullet_seed_fast","petal_blizzard,close_combat,solar_beam,upper_hand",lilligant_hisuian,,,,,
lilligant_normal,ドレディア,grass,,214,155,172,"charm_fast,hidden_power_fast,magical_leaf_fast","petal_blizzard,hyper_beam,solar_beam",lilligant_normal,,,,,
basculin,バスラオ,water,,189,129,172,"tackle_fast,water_gun_fast","aqua_jet,aqua_tail,muddy_water",,,,,,
basculin_blue_striped,バスラオ,water,,189,129,172,"tackle_fast,water_gun_fast","aqua_jet,aqua_tail,muddy_water",basculin_blue_striped,,,,,
basculin_red_striped,バスラオ,water,,189,129,172,"tackle_fast,water_gun_fast","aqua_jet,aqua_tail,muddy_water",basculin_red_striped,,,,,
basculin_white_striped,バスラオ,water,,189,129,172,"tackle_fast,water_gun_fast","aqua_jet,aqua_tail,muddy_water",basculin_white_striped,,,,,
sandile,メグロコ,ground,dark,132,69,137,"bite_fast,mud_slap_fast","dig,crunch,bulldoze",,,,KROKOROK,,
sandile_normal,メグロコ,ground,dark,132,69,137,"bite_fast,mud_slap_fast","dig,crunch,bulldoze",sandile_normal,,,,,
krokorok,ワルビル,ground,dark,155,90,155,"bite_fast,mud_slap_fast","earthquake,crunch,bulldoze",,,,KROOKODILE,SANDILE,
krokorok_normal,ワルビル,ground,dark,155,90,155,"bite_fast,mud_slap_fast","earthquake,crunch,bulldoze",krokorok_normal,,,,,
krookodile,ワルビアル,ground,dark,229,158,216,"snarl_fast,mud_slap_fast","earthquake,crunch,outrage,brick_break,sand_tomb",,,,,KROKOROK,
krookodile_normal,ワルビアル,ground,dark,229,158,216,"snarl_fast,mud_slap_fast","earthquake,crunch,outrage,brick_break,sand_tomb",krookodile_normal,,,,,
darumaka,ダルマッカ,fire,,153,86,172,"tackle_fast,fire_fang_fast","fire_punch,flame_charge",,,,DARMANITAN,,
darumaka_galarian,ダルマッカ,ice,,153,86,172,"tackle_fast,ice_fang_fast","ice_punch,ice_beam",darumaka_galarian,,,,,
darumaka_normal,ダルマッカ,fire,,153,86,172,"tackle_fast,fire_fang_fast","fire_punch,flame_charge",darumaka_normal,,,,,
darmanitan,ヒヒダルマ,fire,,263,114,233,"tackle_fast,fire_fang_fast,incinerate_fast","overheat,focus_blast,psychic,rock_slide",,,,,DARUMAKA,
darmanitan_galarian_standard,ヒヒダルマ,ice,,263,114,233,"tackle_fast,ice_fang_fast","overheat,avalanche,super_power,ice_punch",darmanitan_galarian_standard,,,,,
darmanitan_galarian_zen,ヒヒダルマ,ice,fire,323,123,233,"tackle_fast,ice_fang_fast","overheat,avalanche,super_power,ice_punch",darmanitan_galarian_zen,,,,,
darmanitan_standard,ヒヒダルマ,fire,,263,114,233,"tackle_fast,fire_fang_fast,incinerate_fast","overheat,focus_blast,psychic,rock_slide",darmanitan_standard,,,,,
darmanitan_zen,ヒヒダルマ,fire,psychic,243,202,233,"tackle_fast,fire_fang_fast,incinerate_fast","overheat,focus_blast,psychic,rock_slide",darmanitan_zen,,,,,
maractus,マラカッチ,grass,,201,130,181,"bullet_seed_fast,poison_jab_fast","aerial_ace,petal_blizzard,solar_beam",,,,,,
maractus_normal,マラカッチ,grass,,201,130,181,"bullet_seed_fast,poison_jab_fast","aerial_ace,petal_blizzard,solar_beam",maractus_normal,,,,,
dwebble,イシズマイ,bug,rock,118,128,137,"cut_fast,smack_down_fast","rock_blast,x_scissor,rock_tomb",,,,CRUSTLE,,
dwebble_normal,イシズマイ,bug,rock,118,128,137,"cut_fast,smack_down_fast","rock_blast,x_scissor,rock_tomb",dwebble_normal,,,,,
crustle,イワパレス,bug,rock,188,200,172,"fury_cutter_fast,smack_down_fast","rock_blast,x_scissor,rock_slide,rock_wrecker",,,,,DWEBBLE,
crustle_normal,イワパレス,bug,rock,188,200,172,"fury_cutter_fast,smack_down_fast","rock_blast,x_scissor,rock_slide,rock_wrecker",crustle_normal,,,,,
scraggy,ズルッグ,dark,fighting,132,132,137,"rock_smash_fast,feint_attack_fast","acid_spray,brick_break,foul_play,thunder_punch,upper_hand",,,,SCRAFTY,,
scraggy_normal,ズルッグ,dark,fighting,132,132,137,"rock_smash_fast,feint_attack_fast","acid_spray,brick_break,foul_play,thunder_punch,upper_hand",scraggy_normal,,,,,
scrafty,ズルズキン,dark,fighting,163,222,163,"counter_fast,snarl_fast","acid_spray,power_up_punch,foul_play,thunder_punch,upper_hand",,,,,SCRAGGY,
scrafty_normal,ズルズキン,dark,fighting,163,222,163,"counter_fast,snarl_fast","acid_spray,power_up_punch,foul_play,thunder_punch,upper_hand",scrafty_normal,,,,,
sigilyph,シンボラー,psychic,flying,204,167,176,"air_slash_fast,zen_headbutt_fast","air_cutter,psybeam,ancient_power,signal_beam",,,,,,
sigilyph_normal,シンボラー,psychic,flying,204,167,176,"air_slash_fast,zen_headbutt_fast","air_cutter,psybeam,ancient_power,signal_beam",sigilyph_normal,,,,,
yamask,デスマス,ghost,,95,141,116,"astonish_fast,zen_headbutt_fast","shadow_ball,dark_pulse,ominous_wind",,,,COFAGRIGUS,,
yamask_galarian,デスマス,ground,ghost,95,141,116,astonish_fast,"night_shade,rock_tomb",yamask_galarian,,,,,
yamask_normal,デスマス,ghost,,95,141,116,"astonish_fast,zen_headbutt_fast","shadow_ball,dark_pulse,ominous_wind",yamask_normal,,,,,
cofagrigus,デスカーン,ghost,,163,237,151,"astonish_fast,zen_headbutt_fast,shadow_claw_fast","shadow_ball,dark_pulse,psychic",,,,,YAMASK,
cofagrigus_normal,デスカーン,ghost,,163,237,151,"astonish_fast,zen_headbutt_fast,shadow_claw_fast","shadow_ball,dark_pulse,psychic",cofagrigus_normal,,,,,
tirtouga,プロトーガ,water,rock,134,146,144,"water_gun_fast,bite_fast","surf,ancient_power,body_slam",,,,CARRACOSTA,,
tirtouga_normal,プロトーガ,water,rock,134,146,144,"water_gun_fast,bite_fast","surf,ancient_power,body_slam",tirtouga_normal,,,,,
carracosta,アバゴーラ,water,rock,192,197,179,"water_gun_fast,rock_throw_fast","surf,ancient_power,body_slam,liquidation",,,,,TIRTOUGA,
carracosta_normal,アバゴーラ,water,rock,192,197,179,"water_gun_fast,rock_throw_fast","surf,ancient_power,body_slam,liquidation",carracosta_normal,,,,,
archen,アーケン,rock,flying,213,89,146,"quick_attack_fast,wing_attack_fast","dragon_claw,ancient_power,crunch",,,,ARCHEOPS,,
archen_normal,アーケン,rock,flying,213,89,146,"quick_attack_fast,wing_attack_fast","dragon_claw,ancient_power,crunch",archen_normal,,,,,
archeops,アーケオス,rock,flying,292,139,181,"steel_wing_fast,wing_attack_fast","dragon_claw,ancient_power,crunch",,,,,ARCHEN,
archeops_normal,アーケオス,rock,flying,292,139,181,"steel_wing_fast,wing_attack_fast","dragon_claw,ancient_power,crunch",archeops_normal,,,,,
trubbish,ヤブクロン,poison,,96,122,137,"pound_fast,take_down_fast","gunk_shot,seed_bomb",,,,GARBODOR,,
trubbish_normal,ヤブクロン,poison,,96,122,137,"pound_fast,take_down_fast","gunk_shot,seed_bomb",trubbish_normal,,,,,
garbodor,ダストダス,poison,,181,164,190,"infestation_fast,take_down_fast","acid_spray,seed_bomb,gunk_shot,body_slam",,,,,TRUBBISH,
garbodor_normal,ダストダス,poison,,181,164,190,"infestation_fast,take_down_fast","acid_spray,seed_bomb,gunk_shot,body_slam",garbodor_normal,,,,,
zorua,ゾロア,dark,,153,78,120,"scratch_fast,feint_attack_fast","foul_play,aerial_ace,dark_pulse,night_shade",,,,ZOROARK,,
zorua_hisuian,ゾロア,normal,ghost,162,79,111,"scratch_fast,snarl_fast","foul_play,shadow_ball,dark_pulse,night_shade",zorua_hisuian,,,,,
zorua_normal,ゾロア,dark,,153,78,120,"scratch_fast,feint_attack_fast","foul_play,aerial_ace,dark_pulse,night_shade",zorua_normal,,,,,
zoroark,ゾロアーク,dark,,250,127,155,"shadow_claw_fast,snarl_fast","foul_play,sludge_bomb,flamethrower,night_shade",,,,,ZORUA,
zoroark_hisuian,ゾロアーク,normal,ghost,261,128,146,"shadow_claw_fast,snarl_fast","foul_play,sludge_bomb,flamethrower,shadow_ball",zoroark_hisuian,,,,,
zoroark_normal,ゾロアーク,dark,,250,127,155,"shadow_claw_fast,snarl_fast","foul_play,sludge_bomb,flamethrower,night_shade",zoroark_normal,,,,,
minccino,チラーミィ,normal,,98,80,146,"pound_fast,charm_fast","swift,thunderbolt,aqua_tail",,,,CINCCINO,,
minccino_normal,チラーミィ,normal,,98,80,146,"pound_fast,charm_fast","swift,thunderbolt,aqua_tail",minccino_normal,,,,,
cinccino,チラチーノ,normal,,198,130,181,"pound_fast,charm_fast","hyper_beam,thunderbolt,aqua_tail",,,,,MINCCINO,
cinccino_normal,チラチーノ,normal,,198,130,181,"pound_fast,charm_fast","hyper_beam,thunderbolt,aqua_tail",cinccino_normal,,,,,
gothita,ゴチム,psychic,,98,112,128,"pound_fast,confusion_fast","psybeam,psyshock,psychic",,,,GOTHORITA,,
gothita_normal,ゴチム,psychic,,98,112,128,"pound_fast,confusion_fast","psybeam,psyshock,psychic",gothita_normal,,,,,
gothorita,ゴチミル,psychic,,137,153,155,"pound_fast,confusion_fast","psybeam,futuresight,psychic",,,,GOTHITELLE,GOTHITA,
gothorita_normal,ゴチミル,psychic,,137,153,155,"pound_fast,confusion_fast","psybeam,futuresight,psychic",gothorita_normal,,,,,
gothitelle,ゴチルゼル,psychic,,176,205,172,"charm_fast,confusion_fast","rock_slide,futuresight,psychic",,,,,GOTHORITA,
gothitelle_normal,ゴチルゼル,psychic,,176,205,172,"charm_fast,confusion_fast","rock_slide,futuresight,psychic",gothitelle_normal,,,,,
solosis,ユニラン,psychic,,170,83,128,"hidden_power_fast,zen_headbutt_fast","psyshock,night_shade,thunder",,,,DUOSION,,
solosis_normal,ユニラン,psychic,,170,83,128,"hidden_power_fast,zen_headbutt_fast","psyshock,night_shade,thunder",solosis_normal,,,,,
duosion,ダブラン,psychic,,208,103,163,"hidden_power_fast,zen_headbutt_fast","psyshock,night_shade,thunder",,,,REUNICLUS,SOLOSIS,
duosion_normal,ダブラン,psychic,,208,103,163,"hidden_power_fast,zen_headbutt_fast","psyshock,night_shade,thunder",duosion_normal,,,,,
reuniclus,ランクルス,psychic,,214,148,242,"hidden_power_fast,zen_headbutt_fast","futuresight,shadow_ball,thunder,psyshock",,charm_fast,,,DUOSION,
reuniclus_normal,ランクルス,psychic,,214,148,242,"hidden_power_fast,zen_headbutt_fast","futuresight,shadow_ball,thunder,psyshock",reuniclus_normal,,,,,
ducklett,コアルヒー,water,flying,84,96,158,"water_gun_fast,wing_attack_fast","aerial_ace,bubble_beam,brave_bird",,,,SWANNA,,
ducklett_normal,コアルヒー,water,flying,84,96,158,"water_gun_fast,wing_attack_fast","aerial_ace,bubble_beam,brave_bird",ducklett_normal,,,,,
swanna,スワンナ,water,flying,182,132,181,"water_gun_fast,air_slash_fast","ice_beam,bubble_beam,hurricane,fly",,,,,DUCKLETT,
swanna_normal,スワンナ,water,flying,182,132,181,"water_gun_fast,air_slash_fast","ice_beam,bubble_beam,hurricane,fly",swanna_normal,,,,,
vanillite,バニプッチ,ice,,118,106,113,"powder_snow_fast,astonish_fast","icy_wind,ice_beam,signal_beam",,,,VANILLISH,,
vanillite_normal,バニプッチ,ice,,118,106,113,"powder_snow_fast,astonish_fast","icy_wind,ice_beam,signal_beam",vanillite_normal,,,,,
vanillish,バニリッチ,ice,,151,138,139,"frost_breath_fast,astonish_fast","icy_wind,ice_beam,signal_beam",,,,VANILLUXE,VANILLITE,
vanillish_normal,バニリッチ,ice,,151,138,139,"frost_breath_fast,astonish_fast","icy_wind,ice_beam,signal_beam",vanillish_normal,,,,,
vanilluxe,バイバニラ,ice,,218,184,174,"frost_breath_fast,astonish_fast","blizzard,flash_cannon,signal_beam",,,avalanche,,VANILLISH,
vanilluxe_normal,バイバニラ,ice,,218,184,174,"frost_breath_fast,astonish_fast","blizzard,flash_cannon,signal_beam",vanilluxe_normal,,,,,
deerling,シキジカ,normal,grass,115,100,155,"tackle_fast,take_down_fast","energy_ball,seed_bomb,wild_charge,trailblaze",,,,SAWSBUCK,,
deerling_autumn,シキジカ,normal,grass,115,100,155,"tackle_fast,take_down_fast","energy_ball,seed_bomb,wild_charge,trailblaze",deerling_autumn,,,,,
deerling_spring,シキジカ,normal,grass,115,100,155,"tackle_fast,take_down_fast","energy_ball,seed_bomb,wild_charge,trailblaze",deerling_spring,,,,,
deerling_summer,シキジカ,normal,grass,115,100,155,"tackle_fast,take_down_fast","energy_ball,seed_bomb,wild_charge,trailblaze",deerling_summer,,,,,
deerling_winter,シキジカ,normal,grass,115,100,155,"tackle_fast,take_down_fast","energy_ball,seed_bomb,wild_charge,trailblaze",deerling_winter,,,,,
sawsbuck,メブキジカ,normal,grass,198,146,190,"feint_attack_fast,take_down_fast","megahorn,solar_beam,wild_charge,hyper_beam,trailblaze",,,,,DEERLING,
sawsbuck_autumn,メブキジカ,normal,grass,198,146,190,"feint_attack_fast,take_down_fast","megahorn,solar_beam,wild_charge,hyper_beam,trailblaze",sawsbuck_autumn,,,,,
sawsbuck_spring,メブキジカ,normal,grass,198,146,190,"feint_attack_fast,take_down_fast","megahorn,solar_beam,wild_charge,hyper_beam,trailblaze",sawsbuck_spring,,,,,
sawsbuck_summer,メブキジカ,normal,grass,198,146,190,"feint_attack_fast,take_down_fast","megahorn,solar_beam,wild_charge,hyper_beam,trailblaze",sawsbuck_summer,,,,,
sawsbuck_winter,メブキジカ,normal,grass,198,146,190,"feint_attack_fast,take_down_fast","megahorn,solar_beam,wild_charge,hyper_beam,trailblaze",sawsbuck_winter,,,,,
emolga,エモンガ,electric,flying,158,127,146,"thunder_shock_fast,quick_attack_fast","discharge,aerial_ace,thunderbolt,acrobatics",,,,,,
emolga_normal,エモンガ,electric,flying,158,127,146,"thunder_shock_fast,quick_attack_fast","discharge,aerial_ace,thunderbolt,acrobatics",emolga_normal,,,,,
karrablast,カブルモ,bug,,137,87,137,"peck_fast,fury_cutter_fast","signal_beam,x_scissor,drill_run,aerial_ace",,,,ESCAVALIER,,
karrablast_normal,カブルモ,bug,,137,87,137,"peck_fast,fury_cutter_fast","signal_beam,x_scissor,drill_run,aerial_ace",karrablast_normal,,,,,
escavalier,シュバルゴ,bug,steel,223,187,172,"counter_fast,bug_bite_fast","megahorn,acid_spray,drill_run,aerial_ace",,,razor_shell,,KARRABLAST,
escavalier_normal,シュバルゴ,bug,steel,223,187,172,"counter_fast,bug_bite_fast","megahorn,acid_spray,drill_run,aerial_ace",escavalier_normal,,,,,
foongus,タマゲタケ,grass,poison,97,91,170,"astonish_fast,feint_attack_fast","energy_ball,body_slam,grass_knot",,,,AMOONGUSS,,
foongus_normal,タマゲタケ,grass,poison,97,91,170,"astonish_fast,feint_attack_fast","energy_ball,body_slam,grass_knot",foongus_normal,,,,,
amoonguss,モロバレル,grass,poison,155,139,249,"astonish_fast,feint_attack_fast","foul_play,sludge_bomb,grass_knot",,,,,FOONGUS,
amoonguss_normal,モロバレル,grass,poison,155,139,249,"astonish_fast,feint_attack_fast","foul_play,sludge_bomb,grass_knot",amoonguss_normal,,,,,
frillish,プルリル,water,ghost,115,134,146,"bubble_fast,hex_fast","night_shade,ice_beam,ominous_wind",,,,JELLICENT,,
frillish_female,プルリル,water,ghost,115,134,146,"bubble_fast,hex_fast","night_shade,ice_beam,ominous_wind",frillish_female,,,,,
frillish_normal,プルリル,water,ghost,115,134,146,"bubble_fast,hex_fast","night_shade,ice_beam,ominous_wind",frillish_normal,,,,,
jellicent,ブルンゲル,water,ghost,159,178,225,"bubble_fast,hex_fast","shadow_ball,ice_beam,bubble_beam,surf",,,,,FRILLISH,
jellicent_female,ブルンゲル,water,ghost,159,178,225,"bubble_fast,hex_fast","shadow_ball,ice_beam,bubble_beam,surf",jellicent_female,,,,,
jellicent_normal,ブルンゲル,water,ghost,159,178,225,"bubble_fast,hex_fast","shadow_ball,ice_beam,bubble_beam,surf",jellicent_normal,,,,,
alomomola,ママンボウ,water,,138,131,338,"waterfall_fast,hidden_power_fast","hydro_pump,blizzard,psychic",,,,,,
alomomola_normal,ママンボウ,water,,138,131,338,"waterfall_fast,hidden_power_fast","hydro_pump,blizzard,psychic",alomomola_normal,,,,,
joltik,バチュル,bug,electric,110,98,137,"charge_beam_fast,sucker_punch_fast","cross_poison,bug_buzz,discharge",,,,GALVANTULA,,
joltik_normal,バチュル,bug,electric,110,98,137,"charge_beam_fast,sucker_punch_fast","cross_poison,bug_buzz,discharge",joltik_normal,,,,,
galvantula,デンチュラ,bug,electric,201,128,172,"volt_switch_fast,fury_cutter_fast","cross_poison,bug_buzz,discharge,energy_ball,lunge",,,,,JOLTIK,
galvantula_normal,デンチュラ,bug,electric,201,128,172,"volt_switch_fast,fury_cutter_fast","cross_poison,bug_buzz,discharge,energy_ball,lunge",galvantula_normal,,,,,
ferroseed,テッシード,grass,steel,82,155,127,"tackle_fast,metal_claw_fast","gyro_ball,flash_cannon,iron_head",,,,FERROTHORN,,
ferroseed_normal,テッシード,grass,steel,82,155,127,"tackle_fast,metal_claw_fast","gyro_ball,flash_cannon,iron_head",ferroseed_normal,,,,,
ferrothorn,ナットレイ,grass,steel,158,223,179,"bullet_seed_fast,metal_claw_fast","power_whip,flash_cannon,acid_spray,thunder,mirror_shot",,,,,FERROSEED,
ferrothorn_normal,ナットレイ,grass,steel,158,223,179,"bullet_seed_fast,metal_claw_fast","power_whip,flash_cannon,acid_spray,thunder,mirror_shot",ferrothorn_normal,,,,,
klink,ギアル,steel,,98,121,120,"volt_switch_fast,charge_beam_fast,metal_sound_fast","vice_grip,discharge,zap_cannon",,,,KLANG,,
klink_normal,ギアル,steel,,98,121,120,"volt_switch_fast,charge_beam_fast,metal_sound_fast","vice_grip,discharge,zap_cannon",klink_normal,,,,,
klang,ギギアル,steel,,150,174,155,"thunder_shock_fast,charge_beam_fast,metal_sound_fast","vice_grip,thunderbolt,zap_cannon",,,,KLINKLANG,KLINK,
klang_normal,ギギアル,steel,,150,174,155,"thunder_shock_fast,charge_beam_fast,metal_sound_fast","vice_grip,thunderbolt,zap_cannon",klang_normal,,,,,
klinklang,ギギギアル,steel,,199,214,155,"thunder_shock_fast,charge_beam_fast,metal_sound_fast","hyper_beam,flash_cannon,zap_cannon,mirror_shot",,,,,KLANG,
klinklang_normal,ギギギアル,steel,,199,214,155,"thunder_shock_fast,charge_beam_fast,metal_sound_fast","hyper_beam,flash_cannon,zap_cannon,mirror_shot",klinklang_normal,,,,,
tynamo,シビシラス,electric,,105,78,111,"tackle_fast,spark_fast",struggle,,,,EELEKTRIK,,
tynamo_normal,シビシラス,electric,,105,78,111,"tackle_fast,spark_fast",struggle,tynamo_normal,,,,,
eelektrik,シビビール,electric,,156,130,163,"acid_fast,spark_fast","crunch,thunderbolt,discharge",,,,EELEKTROSS,TYNAMO,
eelektrik_normal,シビビール,electric,,156,130,163,"acid_fast,spark_fast","crunch,thunderbolt,discharge",eelektrik_normal,,,,,
eelektross,シビルドン,electric,,217,152,198,"acid_fast,spark_fast","crunch,thunderbolt,acid_spray,dragon_claw,liquidation",,volt_switch_fast,,,EELEKTRIK,
eelektross_normal,シビルドン,electric,,217,152,198,"acid_fast,spark_fast","crunch,thunderbolt,acid_spray,dragon_claw,liquidation",eelektross_normal,,,,,
elgyem,リグレー,psychic,,148,100,146,"confusion_fast,astonish_fast","psybeam,dark_pulse,psychic",,,,BEHEEYEM,,
elgyem_normal,リグレー,psychic,,148,100,146,"confusion_fast,astonish_fast","psybeam,dark_pulse,psychic",elgyem_normal,,,,,
beheeyem,オーベム,psychic,,221,163,181,"confusion_fast,astonish_fast","rock_slide,dark_pulse,psychic",,,,,ELGYEM,
beheeyem_normal,オーベム,psychic,,221,163,181,"confusion_fast,astonish_fast","rock_slide,dark_pulse,psychic",beheeyem_normal,,,,,
litwick,ヒトモシ,ghost,fire,108,98,137,"astonish_fast,ember_fast","flame_charge,flame_burst,heat_wave,mystical_fire",,,,LAMPENT,,
litwick_normal,ヒトモシ,ghost,fire,108,98,137,"astonish_fast,ember_fast","flame_charge,flame_burst,heat_wave,mystical_fire",litwick_normal,,,,,
lampent,ランプラー,ghost,fire,169,115,155,"astonish_fast,ember_fast","energy_ball,flame_burst,heat_wave",,,,CHANDELURE,LITWICK,
lampent_normal,ランプラー,ghost,fire,169,115,155,"astonish_fast,ember_fast","energy_ball,flame_burst,heat_wave",lampent_normal,,,,,
chandelure,シャンデラ,ghost,fire,271,182,155,"hex_fast,fire_spin_fast,incinerate_fast","energy_ball,shadow_ball,overheat,flame_charge",,,poltergeist,,LAMPENT,
chandelure_normal,シャンデラ,ghost,fire,271,182,155,"hex_fast,fire_spin_fast,incinerate_fast","energy_ball,shadow_ball,overheat,flame_charge",chandelure_normal,,,,,
axew,キバゴ,dragon,,154,101,130,"scratch_fast,iron_tail_fast","dragon_claw,aqua_tail,dragon_pulse",,,,FRAXURE,,
axew_normal,キバゴ,dragon,,154,101,130,"scratch_fast,iron_tail_fast","dragon_claw,aqua_tail,dragon_pulse",axew_normal,,,,,
fraxure,オノンド,dragon,,212,123,165,"dragon_tail_fast,iron_tail_fast","dragon_claw,aqua_tail,night_slash",,,,HAXORUS,AXEW,
fraxure_normal,オノンド,dragon,,212,123,165,"dragon_tail_fast,iron_tail_fast","dragon_claw,aqua_tail,night_slash",fraxure_normal,,,,,
haxorus,オノノクス,dragon,,284,172,183,"dragon_tail_fast,counter_fast","dragon_claw,surf,night_slash,earthquake",,,breaking_swipe,,FRAXURE,
haxorus_normal,オノノクス,dragon,,284,172,183,"dragon_tail_fast,counter_fast","dragon_claw,surf,night_slash,earthquake",haxorus_normal,,,,,
cubchoo,クマシュン,ice,,128,74,146,"powder_snow_fast,charm_fast","ice_punch,icy_wind,play_rough",,,,BEARTIC,,
cubchoo_normal,クマシュン,ice,,128,74,146,"powder_snow_fast,charm_fast","ice_punch,icy_wind,play_rough",cubchoo_normal,,,,,
cubchoo_winter_2020,クマシュン,ice,,128,74,146,"powder_snow_fast,charm_fast","ice_punch,icy_wind,play_rough",cubchoo_winter_2020,,,,,
beartic,ツンベアー,ice,,233,152,216,"powder_snow_fast,charm_fast","ice_punch,surf,play_rough,liquidation",,,,,CUBCHOO,
beartic_normal,ツンベアー,ice,,233,152,216,"powder_snow_fast,charm_fast","ice_punch,surf,play_rough,liquidation",beartic_normal,,,,,
beartic_winter_2020,ツンベアー,ice,,233,152,216,"powder_snow_fast,charm_fast","ice_punch,surf,play_rough,liquidation",beartic_winter_2020,,,,,
cryogonal,フリージオ,ice,,190,218,190,"ice_shard_fast,frost_breath_fast","aurora_beam,night_slash,solar_beam,water_pulse,triple_axel",,,,,,
cryogonal_normal,フリージオ,ice,,190,218,190,"ice_shard_fast,frost_breath_fast","aurora_beam,night_slash,solar_beam,water_pulse,triple_axel",cryogonal_normal,,,,,
shelmet,チョボマキ,bug,,72,140,137,"acid_fast,infestation_fast","bug_buzz,body_slam,signal_beam",,,,ACCELGOR,,
shelmet_normal,チョボマキ,bug,,72,140,137,"acid_fast,infestation_fast","bug_buzz,body_slam,signal_beam",shelmet_normal,,,,,
accelgor,アギルダー,bug,,220,120,190,"acid_fast,infestation_fast,water_shuriken_fast","bug_buzz,acid_spray,signal_beam,focus_blast",,,energy_ball,,SHELMET,
accelgor_normal,アギルダー,bug,,220,120,190,"acid_fast,infestation_fast,water_shuriken_fast","bug_buzz,acid_spray,signal_beam,focus_blast",accelgor_normal,,,,,
stunfisk,マッギョ,ground,electric,144,171,240,"thunder_shock_fast,mud_shot_fast","mud_bomb,discharge,muddy_water",,,,,,
stunfisk_galarian,マッギョ,ground,steel,144,171,240,"mud_shot_fast,metal_claw_fast","earthquake,flash_cannon,muddy_water,rock_slide",stunfisk_galarian,,,,,
stunfisk_normal,マッギョ,ground,electric,144,171,240,"thunder_shock_fast,mud_shot_fast","mud_bomb,discharge,muddy_water",stunfisk_normal,,,,,
mienfoo,コジョフー,fighting,,160,98,128,"low_kick_fast,pound_fast","brick_break,low_sweep,focus_blast,drain_punch",,,high_jump_kick,MIENSHAO,,
mienfoo_normal,コジョフー,fighting,,160,98,128,"low_kick_fast,pound_fast","brick_break,low_sweep,focus_blast,drain_punch",mienfoo_normal,,,,,
mienshao,コジョンド,fighting,,258,127,163,"low_kick_fast,poison_jab_fast,force_palm_fast","brick_break,grass_knot,stone_edge,blaze_kick,brutal_swing,drain_punch",,,,,MIENFOO,
mienshao_normal,コジョンド,fighting,,258,127,163,"low_kick_fast,poison_jab_fast,force_palm_fast","brick_break,grass_knot,stone_edge,blaze_kick,brutal_swing,drain_punch",mienshao_normal,,,,,
druddigon,クリムガン,dragon,,213,170,184,"dragon_tail_fast,bite_fast","dragon_claw,night_slash,hyper_beam,rock_tomb",,,,,,
druddigon_normal,クリムガン,dragon,,213,170,184,"dragon_tail_fast,bite_fast","dragon_claw,night_slash,hyper_beam,rock_tomb",druddigon_normal,,,,,
golett,ゴビット,ground,ghost,127,92,153,"astonish_fast,mud_slap_fast","shadow_punch,brick_break,night_shade",,,,GOLURK,,
golett_normal,ゴビット,ground,ghost,127,92,153,"astonish_fast,mud_slap_fast","shadow_punch,brick_break,night_shade",golett_normal,,,,,
golurk,ゴルーグ,ground,ghost,222,154,205,"astonish_fast,mud_slap_fast","shadow_punch,dynamic_punch,earth_power,poltergeist",,,,,GOLETT,
golurk_normal,ゴルーグ,ground,ghost,222,154,205,"astonish_fast,mud_slap_fast","shadow_punch,dynamic_punch,earth_power,poltergeist",golurk_normal,,,,,
pawniard,コマタナ,dark,steel,154,114,128,"scratch_fast,fury_cutter_fast","night_slash,iron_head,x_scissor",,,,BISHARP,,
pawniard_normal,コマタナ,dark,steel,154,114,128,"scratch_fast,fury_cutter_fast","night_slash,iron_head,x_scissor",pawniard_normal,,,,,
bisharp,キリキザン,dark,steel,232,176,163,"snarl_fast,metal_claw_fast","dark_pulse,iron_head,x_scissor,focus_blast",,,,KINGAMBIT,PAWNIARD,
bisharp_normal,キリキザン,dark,steel,232,176,163,"snarl_fast,metal_claw_fast","dark_pulse,iron_head,x_scissor,focus_blast",bisharp_normal,,,,,
bouffalant,バッフロン,normal,,195,182,216,"zen_headbutt_fast,mud_shot_fast","megahorn,stomp,skull_bash,earthquake",,,,,,
bouffalant_normal,バッフロン,normal,,195,182,216,"zen_headbutt_fast,mud_shot_fast","megahorn,stomp,skull_bash,earthquake",bouffalant_normal,,,,,
rufflet,ワシボン,normal,flying,150,97,172,"peck_fast,wing_attack_fast","aerial_ace,brave_bird,rock_tomb,fly",,,,BRAVIARY,,
rufflet_normal,ワシボン,normal,flying,150,97,172,"peck_fast,wing_attack_fast","aerial_ace,brave_bird,rock_tomb,fly",rufflet_normal,,,,,
braviary,ウォーグル,normal,flying,232,152,225,"steel_wing_fast,air_slash_fast","heat_wave,brave_bird,rock_slide,close_combat,fly",,,,,RUFFLET,
braviary_hisuian,ウォーグル,psychic,flying,213,137,242,"air_slash_fast,zen_headbutt_fast","dazzling_gleam,brave_bird,psychic,ominous_wind,fly",braviary_hisuian,,,,,
braviary_normal,ウォーグル,normal,flying,232,152,225,"steel_wing_fast,air_slash_fast","heat_wave,brave_bird,rock_slide,close_combat,fly",braviary_normal,,,,,
vullaby,バルチャイ,dark,flying,105,139,172,"feint_attack_fast,air_slash_fast","dark_pulse,brave_bird,foul_play",,,,MANDIBUZZ,,
vullaby_normal,バルチャイ,dark,flying,105,139,172,"feint_attack_fast,air_slash_fast","dark_pulse,brave_bird,foul_play",vullaby_normal,,,,,
mandibuzz,バルジーナ,dark,flying,129,205,242,"snarl_fast,air_slash_fast","dark_pulse,aerial_ace,foul_play,shadow_ball",,,,,VULLABY,
mandibuzz_normal,バルジーナ,dark,flying,129,205,242,"snarl_fast,air_slash_fast","dark_pulse,aerial_ace,foul_play,shadow_ball",mandibuzz_normal,,,,,
heatmor,クイタラン,fire,,204,129,198,"lick_fast,fire_spin_fast","flamethrower,thunder_punch,power_up_punch",,,,,,
heatmor_normal,クイタラン,fire,,204,129,198,"lick_fast,fire_spin_fast","flamethrower,thunder_punch,power_up_punch",heatmor_normal,,,,,
durant,アイアント,bug,steel,217,188,151,"bug_bite_fast,metal_claw_fast","x_scissor,iron_head,stone_edge",,,,,,
durant_normal,アイアント,bug,steel,217,188,151,"bug_bite_fast,metal_claw_fast","x_scissor,iron_head,stone_edge",durant_normal,,,,,
deino,モノズ,dark,dragon,116,93,141,"tackle_fast,dragon_breath_fast","dragon_pulse,crunch,body_slam",,,,ZWEILOUS,,
deino_normal,モノズ,dark,dragon,116,93,141,"tackle_fast,dragon_breath_fast","dragon_pulse,crunch,body_slam",deino_normal,,,,,
zweilous,ジヘッド,dark,dragon,159,135,176,"bite_fast,dragon_breath_fast","dragon_pulse,dark_pulse,body_slam",,,,HYDREIGON,DEINO,
zweilous_normal,ジヘッド,dark,dragon,159,135,176,"bite_fast,dragon_breath_fast","dragon_pulse,dark_pulse,body_slam",zweilous_normal,,,,,
hydreigon,サザンドラ,dark,dragon,256,188,211,"bite_fast,dragon_breath_fast","dragon_pulse,dark_pulse,flash_cannon,fly",,,brutal_swing,,ZWEILOUS,
hydreigon_normal,サザンドラ,dark,dragon,256,188,211,"bite_fast,dragon_breath_fast","dragon_pulse,dark_pulse,flash_cannon,fly",hydreigon_normal,,,,,
larvesta,メラルバ,bug,fire,156,107,146,"ember_fast,bug_bite_fast","flame_charge,bug_buzz,flame_wheel",,,,VOLCARONA,,
larvesta_normal,メラルバ,bug,fire,156,107,146,"ember_fast,bug_bite_fast","flame_charge,bug_buzz,flame_wheel",larvesta_normal,,,,,
volcarona,ウルガモス,bug,fire,264,189,198,"fire_spin_fast,bug_bite_fast","overheat,bug_buzz,solar_beam,hurricane",,,,,LARVESTA,
volcarona_normal,ウルガモス,bug,fire,264,189,198,"fire_spin_fast,bug_bite_fast","overheat,bug_buzz,solar_beam,hurricane",volcarona_normal,,,,,
cobalion,コバルオン,steel,fighting,192,229,209,"metal_claw_fast,zen_headbutt_fast,double_kick_fast","close_combat,iron_head,stone_edge",,,sacred_sword,,,
cobalion_normal,コバルオン,steel,fighting,192,229,209,"metal_claw_fast,zen_headbutt_fast,double_kick_fast","close_combat,iron_head,stone_edge",cobalion_normal,,,,,
terrakion,テラキオン,rock,fighting,260,192,209,"smack_down_fast,zen_headbutt_fast,double_kick_fast","close_combat,earthquake,rock_slide",,,sacred_sword,,,
terrakion_normal,テラキオン,rock,fighting,260,192,209,"smack_down_fast,zen_headbutt_fast,double_kick_fast","close_combat,earthquake,rock_slide",terrakion_normal,,,,,
virizion,ビリジオン,grass,fighting,192,229,209,"quick_attack_fast,zen_headbutt_fast,double_kick_fast","close_combat,leaf_blade,stone_edge",,,sacred_sword,,,
virizion_normal,ビリジオン,grass,fighting,192,229,209,"quick_attack_fast,zen_headbutt_fast,double_kick_fast","close_combat,leaf_blade,stone_edge",virizion_normal,,,,,
tornadus,トルネロス,flying,,266,164,188,"bite_fast,air_slash_fast","grass_knot,dark_pulse,hyper_beam,hurricane",,,bleakwind_storm,,,
tornadus_incarnate,トルネロス,flying,,266,164,188,"bite_fast,air_slash_fast","grass_knot,dark_pulse,hyper_beam,hurricane",tornadus_incarnate,,,,,
tornadus_therian,トルネロス,flying,,238,189,188,"astonish_fast,gust_fast","heat_wave,psychic,focus_blast,hurricane",tornadus_therian,,,,,
thundurus,ボルトロス,electric,flying,266,164,188,"astonish_fast,thunder_shock_fast","crunch,thunder,brick_break,thunder_punch",,,wildbolt_storm,,,
thundurus_incarnate,ボルトロス,electric,flying,266,164,188,"astonish_fast,thunder_shock_fast","crunch,thunder,brick_break,thunder_punch",thundurus_incarnate,,,,,
thundurus_therian,ボルトロス,electric,flying,295,161,188,"bite_fast,volt_switch_fast","sludge_wave,thunder,focus_blast,thunderbolt",thundurus_therian,,,,,
reshiram,レシラム,dragon,fire,275,211,205,"dragon_breath_fast,fire_fang_fast","crunch,overheat,draco_meteor,stone_edge",,,fusion_flare,,,
reshiram_normal,レシラム,dragon,fire,275,211,205,"dragon_breath_fast,fire_fang_fast","crunch,overheat,draco_meteor,stone_edge",reshiram_normal,,,,,
zekrom,ゼクロム,dragon,electric,275,211,205,"dragon_breath_fast,charge_beam_fast","outrage,wild_charge,flash_cannon,crunch",,,fusion_bolt,,,
zekrom_normal,ゼクロム,dragon,electric,275,211,205,"dragon_breath_fast,charge_beam_fast","outrage,wild_charge,flash_cannon,crunch",zekrom_normal,,,,,
landorus,ランドロス,ground,flying,261,182,205,"mud_shot_fast,rock_throw_fast","earth_power,outrage,rock_slide,focus_blast",,,sandsear_storm,,,
landorus_incarnate,ランドロス,ground,flying,261,182,205,"mud_shot_fast,rock_throw_fast","earth_power,outrage,rock_slide,focus_blast",landorus_incarnate,,,,,
landorus_therian,ランドロス,ground,flying,289,179,205,"mud_shot_fast,extrasensory_fast","earthquake,bulldoze,stone_edge,super_power",landorus_therian,,,,,
kyurem,キュレム,dragon,ice,246,170,245,"dragon_breath_fast,steel_wing_fast","dragon_claw,blizzard,draco_meteor",,,,,,
kyurem_black,キュレム,dragon,ice,310,183,245,"dragon_tail_fast,shadow_claw_fast","iron_head,blizzard,stone_edge,outrage,fusion_bolt",kyurem_black,,,,,
kyurem_normal,キュレム,dragon,ice,246,170,245,"dragon_breath_fast,steel_wing_fast","dragon_claw,blizzard,draco_meteor",kyurem_normal,,,,,
kyurem_white,キュレム,dragon,ice,310,183,245,"dragon_breath_fast,steel_wing_fast,ice_fang_fast","dragon_pulse,blizzard,ancient_power,focus_blast,fusion_flare",kyurem_white,,,,,
keldeo,ケルディオ,water,fighting,260,192,209,"poison_jab_fast,low_kick_fast","aqua_jet,close_combat,hydro_pump,x_scissor,sacred_sword",,,,,,
keldeo_ordinary,ケルディオ,water,fighting,260,192,209,"poison_jab_fast,low_kick_fast","aqua_jet,close_combat,hydro_pump,x_scissor,sacred_sword",keldeo_ordinary,,,,,
keldeo_resolute,ケルディオ,water,fighting,260,192,209,"poison_jab_fast,low_kick_fast","aqua_jet,close_combat,hydro_pump,x_scissor,sacred_sword",keldeo_resolute,,,,,
meloetta,メロエッタ,normal,psychic,250,225,225,"quick_attack_fast,low_kick_fast","close_combat,fire_punch,ice_punch,hyper_beam",,,,,,
meloetta_aria,メロエッタ,normal,psychic,250,225,225,"quick_attack_fast,confusion_fast","psyshock,thunderbolt,dazzling_gleam,hyper_beam",meloetta_aria,,,,,
meloetta_pirouette,メロエッタ,normal,fighting,269,188,225,"quick_attack_fast,low_kick_fast","close_combat,fire_punch,ice_punch,hyper_beam",meloetta_pirouette,,,,,
genesect,ゲノセクト,bug,steel,252,199,174,"metal_claw_fast,fury_cutter_fast","x_scissor,magnet_bomb,hyper_beam",,,techno_blast_shock,,,
genesect_burn,ゲノセクト,bug,steel,252,199,174,"metal_claw_fast,fury_cutter_fast","x_scissor,magnet_bomb,flamethrower",genesect_burn,,,,,
genesect_chill,ゲノセクト,bug,steel,252,199,174,"metal_claw_fast,fury_cutter_fast","x_scissor,magnet_bomb,ice_beam",genesect_chill,,,,,
genesect_douse,ゲノセクト,bug,steel,252,199,174,"metal_claw_fast,fury_cutter_fast","x_scissor,magnet_bomb,gunk_shot",genesect_douse,,,,,
genesect_normal,ゲノセクト,bug,steel,252,199,174,"metal_claw_fast,fury_cutter_fast","x_scissor,magnet_bomb,hyper_beam",genesect_normal,,,,,
genesect_shock,ゲノセクト,bug,steel,252,199,174,"metal_claw_fast,fury_cutter_fast","x_scissor,magnet_bomb,zap_cannon",genesect_shock,,,,,
chespin,ハリマロン,grass,,110,106,148,"take_down_fast,vine_whip_fast","gyro_ball,seed_bomb,body_slam",,,,QUILLADIN,,
quilladin,ハリボーグ,grass,,146,156,156,"low_kick_fast,vine_whip_fast","gyro_ball,energy_ball,body_slam",,,,CHESNAUGHT,CHESPIN,
chesnaught,ブリガロン,grass,fighting,201,204,204,"low_kick_fast,vine_whip_fast,smack_down_fast","gyro_ball,energy_ball,super_power,solar_beam,thunder_punch",,,frenzy_plant,,QUILLADIN,
fennekin,フォッコ,fire,,116,102,120,"scratch_fast,ember_fast","psyshock,flamethrower,flame_charge",,,,BRAIXEN,,
braixen,テールナー,fire,,171,130,153,"scratch_fast,ember_fast","psyshock,flamethrower,flame_charge",,,,DELPHOX,FENNEKIN,
delphox,マフォクシー,fire,psychic,230,189,181,"scratch_fast,fire_spin_fast,zen_headbutt_fast","psychic,flamethrower,flame_charge,fire_blast,mystical_fire,psyshock",,,blast_burn,,BRAIXEN,
froakie,ケロマツ,water,,122,84,121,"pound_fast,bubble_fast","water_pulse,aerial_ace,surf",,,,FROGADIER,,
frogadier,ゲコガシラ,water,,168,114,144,"pound_fast,bubble_fast","water_pulse,aerial_ace,surf",,,,GRENINJA,FROAKIE,
greninja,ゲッコウガ,water,dark,223,152,176,"feint_attack_fast,bubble_fast,water_shuriken_fast","night_slash,aerial_ace,surf,hydro_pump",,,hydro_cannon,,FROGADIER,
bunnelby,ホルビー,normal,,68,72,116,"mud_slap_fast,quick_attack_fast","dig,bulldoze,earthquake",,,,DIGGERSBY,,
diggersby,ホルード,normal,ground,112,155,198,"mud_shot_fast,quick_attack_fast","dig,hyper_beam,earthquake,fire_punch,scorching_sands",,,,,BUNNELBY,
fletchling,ヤヤコマ,normal,flying,95,80,128,"peck_fast,quick_attack_fast","aerial_ace,heat_wave,swift,fly",,,,FLETCHINDER,,
fletchinder,ヒノヤコマ,fire,flying,145,110,158,"peck_fast,ember_fast,steel_wing_fast","aerial_ace,heat_wave,flame_charge,fly",,,,TALONFLAME,FLETCHLING,
talonflame,ファイアロー,fire,flying,176,155,186,"peck_fast,fire_spin_fast,steel_wing_fast","brave_bird,fire_blast,flame_charge,hurricane,fly",,incinerate_fast,,,FLETCHINDER,
scatterbug,コフキムシ,bug,,63,63,116,"bug_bite_fast,tackle_fast",struggle,,,,SPEWPA,,
scatterbug_archipelago,コフキムシ,bug,,63,63,116,"bug_bite_fast,tackle_fast",struggle,scatterbug_archipelago,,,,,
scatterbug_continental,コフキムシ,bug,,63,63,116,"bug_bite_fast,tackle_fast",struggle,scatterbug_continental,,,,,
scatterbug_elegant,コフキムシ,bug,,63,63,116,"bug_bite_fast,tackle_fast",struggle,scatterbug_elegant,,,,,
scatterbug_fancy,コフキムシ,bug,,63,63,116,"bug_bite_fast,tackle_fast",struggle,scatterbug_fancy,,,,,
scatterbug_garden,コフキムシ,bug,,63,63,116,"bug_bite_fast,tackle_fast",struggle,scatterbug_garden,,,,,
scatterbug_high_plains,コフキムシ,bug,,63,63,116,"bug_bite_fast,tackle_fast",struggle,scatterbug_high_plains,,,,,
scatterbug_icy_snow,コフキムシ,bug,,63,63,116,"bug_bite_fast,tackle_fast",struggle,scatterbug_icy_snow,,,,,
scatterbug_jungle,コフキムシ,bug,,63,63,116,"bug_bite_fast,tackle_fast",struggle,scatterbug_jungle,,,,,
scatterbug_marine,コフキムシ,bug,,63,63,116,"bug_bite_fast,tackle_fast",struggle,scatterbug_marine,,,,,
scatterbug_meadow,コフキムシ,bug,,63,63,116,"bug_bite_fast,tackle_fast",struggle,scatterbug_meadow,,,,,
scatterbug_modern,コフキムシ,bug,,63,63,116,"bug_bite_fast,tackle_fast",struggle,scatterbug_modern,,,,,
scatterbug_monsoon,コフキムシ,bug,,63,63,116,"bug_bite_fast,tackle_fast",struggle,scatterbug_monsoon,,,,,
scatterbug_ocean,コフキムシ,bug,,63,63,116,"bug_bite_fast,tackle_fast",struggle,scatterbug_ocean,,,,,
scatterbug_pokeball,コフキムシ,bug,,63,63,116,"bug_bite_fast,tackle_fast",struggle,scatterbug_pokeball,,,,,
scatterbug_polar,コフキムシ,bug,,63,63,116,"bug_bite_fast,tackle_fast",struggle,scatterbug_polar,,,,,
scatterbug_river,コフキムシ,bug,,63,63,116,"bug_bite_fast,tackle_fast",struggle,scatterbug_river,,,,,
scatterbug_sandstorm,コフキムシ,bug,,63,63,116,"bug_bite_fast,tackle_fast",struggle,scatterbug_sandstorm,,,,,
scatterbug_savanna,コフキムシ,bug,,63,63,116,"bug_bite_fast,tackle_fast",struggle,scatterbug_savanna,,,,,
scatterbug_sun,コフキムシ,bug,,63,63,116,"bug_bite_fast,tackle_fast",struggle,scatterbug_sun,,,,,
scatterbug_tundra,コフキムシ,bug,,63,63,116,"bug_bite_fast,tackle_fast",struggle,scatterbug_tundra,,,,,
spewpa,コフーライ,bug,,48,89,128,struggle_bug_fast,struggle,,,,VIVILLON,SCATTERBUG,
spewpa_archipelago,コフーライ,bug,,48,89,128,struggle_bug_fast,struggle,spewpa_archipelago,,,,,
spewpa_continental,コフーライ,bug,,48,89,128,struggle_bug_fast,struggle,spewpa_continental,,,,,
spewpa_elegant,コフーライ,bug,,48,89,128,struggle_bug_fast,struggle,spewpa_elegant,,,,,
spewpa_fancy,コフーライ,bug,,48,89,128,struggle_bug_fast,struggle,spewpa_fancy,,,,,
spewpa_garden,コフーライ,bug,,48,89,128,struggle_bug_fast,struggle,spewpa_garden,,,,,
spewpa_high_plains,コフーライ,bug,,48,89,128,struggle_bug_fast,struggle,spewpa_high_plains,,,,,
spewpa_icy_snow,コフーライ,bug,,48,89,128,struggle_bug_fast,struggle,spewpa_icy_snow,,,,,
spewpa_jungle,コフーライ,bug,,48,89,128,struggle_bug_fast,struggle,spewpa_jungle,,,,,
spewpa_marine,コフーライ,bug,,48,89,128,struggle_bug_fast,struggle,spewpa_marine,,,,,
spewpa_meadow,コフーライ,bug,,48,89,128,struggle_bug_fast,struggle,spewpa_meadow,,,,,
spewpa_modern,コフーライ,bug,,48,89,128,struggle_bug_fast,struggle,spewpa_modern,,,,,
spewpa_monsoon,コフーライ,bug,,48,89,128,struggle_bug_fast,struggle,spewpa_monsoon,,,,,
spewpa_ocean,コフーライ,bug,,48,89,128,struggle_bug_fast,struggle,spewpa_ocean,,,,,
spewpa_pokeball,コフーライ,bug,,48,89,128,struggle_bug_fast,struggle,spewpa_pokeball,,,,,
spewpa_polar,コフーライ,bug,,48,89,128,struggle_bug_fast,struggle,spewpa_polar,,,,,
spewpa_river,コフーライ,bug,,48,89,128,struggle_bug_fast,struggle,spewpa_river,,,,,
spewpa_sandstorm,コフーライ,bug,,48,89,128,struggle_bug_fast,struggle,spewpa_sandstorm,,,,,
spewpa_savanna,コフーライ,bug,,48,89,128,struggle_bug_fast,struggle,spewpa_savanna,,,,,
spewpa_sun,コフーライ,bug,,48,89,128,struggle_bug_fast,struggle,spewpa_sun,,,,,
spewpa_tundra,コフーライ,bug,,48,89,128,struggle_bug_fast,struggle,spewpa_tundra,,,,,
vivillon,ビビヨン,bug,flying,176,103,190,"gust_fast,struggle_bug_fast","bug_buzz,aerial_ace,energy_ball,hurricane",,,,,SPEWPA,
vivillon_archipelago,ビビヨン,bug,flying,176,103,190,"gust_fast,struggle_bug_fast","bug_buzz,aerial_ace,energy_ball,hurricane",vivillon_archipelago,,,,,
vivillon_continental,ビビヨン,bug,flying,176,103,190,"gust_fast,struggle_bug_fast","bug_buzz,aerial_ace,energy_ball,hurricane",vivillon_continental,,,,,
vivillon_elegant,ビビヨン,bug,flying,176,103,190,"gust_fast,struggle_bug_fast","bug_buzz,aerial_ace,energy_ball,hurricane",vivillon_elegant,,,,,
vivillon_fancy,ビビヨン,bug,flying,176,103,190,"gust_fast,struggle_bug_fast","bug_buzz,aerial_ace,energy_ball,hurricane",vivillon_fancy,,,,,
vivillon_garden,ビビヨン,bug,flying,176,103,190,"gust_fast,struggle_bug_fast","bug_buzz,aerial_ace,energy_ball,hurricane",vivillon_garden,,,,,
vivillon_high_plains,ビビヨン,bug,flying,176,103,190,"gust_fast,struggle_bug_fast","bug_buzz,aerial_ace,energy_ball,hurricane",vivillon_high_plains,,,,,
vivillon_icy_snow,ビビヨン,bug,flying,176,103,190,"gust_fast,struggle_bug_fast","bug_buzz,aerial_ace,energy_ball,hurricane",vivillon_icy_snow,,,,,
vivillon_jungle,ビビヨン,bug,flying,176,103,190,"gust_fast,struggle_bug_fast","bug_buzz,aerial_ace,energy_ball,hurricane",vivillon_jungle,,,,,
vivillon_marine,ビビヨン,bug,flying,176,103,190,"gust_fast,struggle_bug_fast","bug_buzz,aerial_ace,energy_ball,hurricane",vivillon_marine,,,,,
vivillon_meadow,ビビヨン,bug,flying,176,103,190,"gust_fast,struggle_bug_fast","bug_buzz,aerial_ace,energy_ball,hurricane",vivillon_meadow,,,,,
vivillon_modern,ビビヨン,bug,flying,176,103,190,"gust_fast,struggle_bug_fast","bug_buzz,aerial_ace,energy_ball,hurricane",vivillon_modern,,,,,
vivillon_monsoon,ビビヨン,bug,flying,176,103,190,"gust_fast,struggle_bug_fast","bug_buzz,aerial_ace,energy_ball,hurricane",vivillon_monsoon,,,,,
vivillon_ocean,ビビヨン,bug,flying,176,103,190,"gust_fast,struggle_bug_fast","bug_buzz,aerial_ace,energy_ball,hurricane",vivillon_ocean,,,,,
vivillon_pokeball,ビビヨン,bug,flying,176,103,190,"gust_fast,struggle_bug_fast","bug_buzz,aerial_ace,energy_ball,hurricane",vivillon_pokeball,,,,,
vivillon_polar,ビビヨン,bug,flying,176,103,190,"gust_fast,struggle_bug_fast","bug_buzz,aerial_ace,energy_ball,hurricane",vivillon_polar,,,,,
vivillon_river,ビビヨン,bug,flying,176,103,190,"gust_fast,struggle_bug_fast","bug_buzz,aerial_ace,energy_ball,hurricane",vivillon_river,,,,,
vivillon_sandstorm,ビビヨン,bug,flying,176,103,190,"gust_fast,struggle_bug_fast","bug_buzz,aerial_ace,energy_ball,hurricane",vivillon_sandstorm,,,,,
vivillon_savanna,ビビヨン,bug,flying,176,103,190,"gust_fast,struggle_bug_fast","bug_buzz,aerial_ace,energy_ball,hurricane",vivillon_savanna,,,,,
vivillon_sun,ビビヨン,bug,flying,176,103,190,"gust_fast,struggle_bug_fast","bug_buzz,aerial_ace,energy_ball,hurricane",vivillon_sun,,,,,
vivillon_tundra,ビビヨン,bug,flying,176,103,190,"gust_fast,struggle_bug_fast","bug_buzz,aerial_ace,energy_ball,hurricane",vivillon_tundra,,,,,
litleo,シシコ,fire,normal,139,112,158,"fire_fang_fast,tackle_fast,ember_fast,incinerate_fast","flame_charge,flamethrower,crunch",,,,"PYROAR,PYROAR",,
pyroar,カエンジシ,fire,normal,221,149,200,"fire_fang_fast,take_down_fast,ember_fast,incinerate_fast","flame_charge,solar_beam,dark_pulse,overheat",,,,,LITLEO,
pyroar_female,カエンジシ,fire,normal,221,149,200,"fire_fang_fast,take_down_fast,ember_fast,incinerate_fast","flame_charge,solar_beam,dark_pulse,overheat",pyroar_female,,,,,
pyroar_normal,カエンジシ,fire,normal,221,149,200,"fire_fang_fast,take_down_fast,ember_fast,incinerate_fast","flame_charge,solar_beam,dark_pulse,overheat",pyroar_normal,,,,,
flabebe,フラベベ,fairy,,108,120,127,"vine_whip_fast,tackle_fast","dazzling_gleam,petal_blizzard,psychic",,,,FLOETTE,,
flabebe_blue,フラベベ,fairy,,108,120,127,"vine_whip_fast,tackle_fast","dazzling_gleam,petal_blizzard,psychic",flabebe_blue,,,,,
flabebe_orange,フラベベ,fairy,,108,120,127,"vine_whip_fast,tackle_fast","dazzling_gleam,petal_blizzard,psychic",flabebe_orange,,,,,
flabebe_red,フラベベ,fairy,,108,120,127,"vine_whip_fast,tackle_fast","dazzling_gleam,petal_blizzard,psychic",flabebe_red,,,,,
flabebe_white,フラベベ,fairy,,108,120,127,"vine_whip_fast,tackle_fast","dazzling_gleam,petal_blizzard,psychic",flabebe_white,,,,,
flabebe_yellow,フラベベ,fairy,,108,120,127,"vine_whip_fast,tackle_fast","dazzling_gleam,petal_blizzard,psychic",flabebe_yellow,,,,,
floette,フラエッテ,fairy,,136,151,144,"vine_whip_fast,tackle_fast","dazzling_gleam,petal_blizzard,psychic",,,,FLORGES,FLABEBE,
floette_blue,フラエッテ,fairy,,136,151,144,"vine_whip_fast,tackle_fast","dazzling_gleam,petal_blizzard,psychic",floette_blue,,,,,
floette_orange,フラエッテ,fairy,,136,151,144,"vine_whip_fast,tackle_fast","dazzling_gleam,petal_blizzard,psychic",floette_orange,,,,,
floette_red,フラエッテ,fairy,,136,151,144,"vine_whip_fast,tackle_fast","dazzling_gleam,petal_blizzard,psychic",floette_red,,,,,
floette_white,フラエッテ,fairy,,136,151,144,"vine_whip_fast,tackle_fast","dazzling_gleam,petal_blizzard,psychic",floette_white,,,,,
floette_yellow,フラエッテ,fairy,,136,151,144,"vine_whip_fast,tackle_fast","dazzling_gleam,petal_blizzard,psychic",floette_yellow,,,,,
florges,フラージェス,fairy,,212,244,186,"vine_whip_fast,tackle_fast,razor_leaf_fast,fairy_wind_fast","moonblast,petal_blizzard,psychic,disarming_voice,trailblaze",,,chilling_water,,FLOETTE,
florges_blue,フラージェス,fairy,,212,244,186,"vine_whip_fast,tackle_fast,razor_leaf_fast,fairy_wind_fast","moonblast,petal_blizzard,psychic,disarming_voice,trailblaze",florges_blue,,,,,
florges_orange,フラージェス,fairy,,212,244,186,"vine_whip_fast,tackle_fast,razor_leaf_fast,fairy_wind_fast","moonblast,petal_blizzard,psychic,disarming_voice,trailblaze",florges_orange,,,,,
florges_red,フラージェス,fairy,,212,244,186,"vine_whip_fast,tackle_fast,razor_leaf_fast,fairy_wind_fast","moonblast,petal_blizzard,psychic,disarming_voice,trailblaze",florges_red,,,,,
florges_white,フラージェス,fairy,,212,244,186,"vine_whip_fast,tackle_fast,razor_leaf_fast,fairy_wind_fast","moonblast,petal_blizzard,psychic,disarming_voice,trailblaze",florges_white,,,,,
florges_yellow,フラージェス,fairy,,212,244,186,"vine_whip_fast,tackle_fast,razor_leaf_fast,fairy_wind_fast","moonblast,petal_blizzard,psychic,disarming_voice,trailblaze",florges_yellow,,,,,
skiddo,メェークル,grass,,123,102,165,"zen_headbutt_fast,rock_smash_fast","brick_break,seed_bomb",,,,GOGOAT,,
gogoat,ゴーゴート,grass,,196,146,265,"zen_headbutt_fast,rock_smash_fast,vine_whip_fast","brick_break,leaf_blade,seed_bomb,rock_slide",,,,,SKIDDO,
pancham,ヤンチャム,fighting,,145,107,167,"low_kick_fast,tackle_fast","low_sweep,crunch,body_slam",,,,PANGORO,,
pangoro,ゴロンダ,fighting,dark,226,146,216,"low_kick_fast,snarl_fast,bullet_punch_fast,karate_chop_fast","close_combat,night_slash,iron_head,rock_slide",,,,,PANCHAM,
furfrou,トリミアン,normal,,164,167,181,"take_down_fast,bite_fast,sucker_punch_fast,sand_attack_fast","surf,dark_pulse,grass_knot",,,,,,
furfrou_dandy,トリミアン,normal,,164,167,181,"take_down_fast,bite_fast,sucker_punch_fast,sand_attack_fast","surf,dark_pulse,grass_knot",furfrou_dandy,,,,,
furfrou_debutante,トリミアン,normal,,164,167,181,"take_down_fast,bite_fast,sucker_punch_fast,sand_attack_fast","surf,dark_pulse,grass_knot",furfrou_debutante,,,,,
furfrou_diamond,トリミアン,normal,,164,167,181,"take_down_fast,bite_fast,sucker_punch_fast,sand_attack_fast","surf,dark_pulse,grass_knot",furfrou_diamond,,,,,
furfrou_heart,トリミアン,normal,,164,167,181,"take_down_fast,bite_fast,sucker_punch_fast,sand_attack_fast","surf,dark_pulse,grass_knot",furfrou_heart,,,,,
furfrou_kabuki,トリミアン,normal,,164,167,181,"take_down_fast,bite_fast,sucker_punch_fast,sand_attack_fast","surf,dark_pulse,grass_knot",furfrou_kabuki,,,,,
furfrou_la_reine,トリミアン,normal,,164,167,181,"take_down_fast,bite_fast,sucker_punch_fast,sand_attack_fast","surf,dark_pulse,grass_knot",furfrou_la_reine,,,,,
furfrou_matron,トリミアン,normal,,164,167,181,"take_down_fast,bite_fast,sucker_punch_fast,sand_attack_fast","surf,dark_pulse,grass_knot",furfrou_matron,,,,,
furfrou_natural,トリミアン,normal,,164,167,181,"take_down_fast,bite_fast,sucker_punch_fast,sand_attack_fast","surf,dark_pulse,grass_knot",furfrou_natural,,,,,
furfrou_pharaoh,トリミアン,normal,,164,167,181,"take_down_fast,bite_fast,sucker_punch_fast,sand_attack_fast","surf,dark_pulse,grass_knot",furfrou_pharaoh,,,,,
furfrou_star,トリミアン,normal,,164,167,181,"take_down_fast,bite_fast,sucker_punch_fast,sand_attack_fast","surf,dark_pulse,grass_knot",furfrou_star,,,,,
espurr,ニャスパー,psychic,,120,114,158,"confusion_fast,scratch_fast","psyshock,energy_ball,psychic",,,,"MEOWSTIC,MEOWSTIC",,
meowstic,ニャオニクス,psychic,,166,167,179,"confusion_fast,sucker_punch_fast","psychic,energy_ball,thunderbolt",,,,,ESPURR,
meowstic_female,ニャオニクス,psychic,,166,167,179,"confusion_fast,charm_fast,magical_leaf_fast","psychic,energy_ball,shadow_ball",meowstic_female,,,,,
meowstic_normal,ニャオニクス,psychic,,166,167,179,"confusion_fast,sucker_punch_fast","psychic,energy_ball,thunderbolt",meowstic_normal,,,,,
honedge,ヒトツキ,steel,ghost,135,139,128,"psycho_cut_fast,tackle_fast","iron_head,gyro_ball",,,,DOUBLADE,,
doublade,ニダンギル,steel,ghost,188,206,153,"psycho_cut_fast,tackle_fast,shadow_claw_fast","iron_head,gyro_ball,sacred_sword",,,,AEGISLASH,HONEDGE,
aegislash,ギルガルド,steel,ghost,97,272,155,"psycho_cut_fast,air_slash_fast","flash_cannon,gyro_ball,shadow_ball",,,,,DOUBLADE,
aegislash_blade,ギルガルド,steel,ghost,272,97,155,"psycho_cut_fast,air_slash_fast","flash_cannon,gyro_ball,shadow_ball",aegislash_blade,,,,,
aegislash_shield,ギルガルド,steel,ghost,97,272,155,"psycho_cut_fast,air_slash_fast","flash_cannon,gyro_ball,shadow_ball",aegislash_shield,,,,,
spritzee,シュシュプ,fairy,,110,113,186,"charm_fast,charge_beam_fast","draining_kiss,thunderbolt",,,,AROMATISSE,,
aromatisse,フレフワン,fairy,,173,150,226,"charm_fast,charge_beam_fast","moonblast,thunderbolt,psychic,draining_kiss,psyshock",,,,,SPRITZEE,
swirlix,ペロッパフ,fairy,,109,119,158,tackle_fast,"draining_kiss,energy_ball",,,,SLURPUFF,,
slurpuff,ペロリーム,fairy,,168,163,193,"tackle_fast,charm_fast,fairy_wind_fast","play_rough,energy_ball,flamethrower,draining_kiss",,,,,SWIRLIX,
inkay,マーイーカ,dark,psychic,98,95,142,"peck_fast,tackle_fast,psywave_fast","psybeam,night_slash",,,,MALAMAR,,
malamar,カラマネロ,dark,psychic,177,165,200,"peck_fast,psycho_cut_fast,psywave_fast","psybeam,foul_play,super_power,hyper_beam",,,,,INKAY,
binacle,カメテテ,rock,water,96,120,123,"scratch_fast,mud_slap_fast","ancient_power,cross_chop,dig",,,,BARBARACLE,,
barbaracle,ガメノデス,rock,water,194,205,176,"water_gun_fast,mud_slap_fast,fury_cutter_fast","skull_bash,cross_chop,stone_edge,grass_knot,razor_shell",,,,,BINACLE,
skrelp,クズモー,poison,water,109,109,137,"water_gun_fast,acid_fast","aqua_tail,water_pulse,twister,sludge_bomb",,,,DRAGALGE,,
dragalge,ドラミドロ,poison,dragon,177,207,163,"water_gun_fast,acid_fast,dragon_tail_fast","hydro_pump,aqua_tail,outrage,gunk_shot,focus_blast,sludge_bomb",,,,,SKRELP,
clauncher,ウデッポウ,water,,108,117,137,"water_gun_fast,smack_down_fast","water_pulse,crabhammer,aqua_jet",,,,CLAWITZER,,
clawitzer,ブロスター,water,,221,171,174,"water_gun_fast,smack_down_fast","water_pulse,dark_pulse,ice_beam,crabhammer",,,,,CLAUNCHER,
helioptile,エリキテル,electric,normal,115,78,127,"quick_attack_fast,thunder_shock_fast","parabolic_charge,bulldoze,thunderbolt",,,,HELIOLISK,,
heliolisk,エレザード,electric,normal,219,168,158,"quick_attack_fast,volt_switch_fast,mud_slap_fast","parabolic_charge,bulldoze,thunderbolt,grass_knot,breaking_swipe",,,,,HELIOPTILE,
tyrunt,チゴラス,rock,dragon,158,123,151,"dragon_tail_fast,tackle_fast","stomp,ancient_power,dragon_claw,rock_tomb",,,,TYRANTRUM,,
tyrantrum,ガチゴラス,rock,dragon,227,191,193,"dragon_tail_fast,charm_fast,rock_throw_fast","crunch,stone_edge,outrage,earthquake,meteor_beam,rock_tomb",,,,,TYRUNT,
amaura,アマルス,rock,ice,124,109,184,"powder_snow_fast,frost_breath_fast","weather_ball_ice,ancient_power,aurora_beam,thunderbolt",,,,AURORUS,,
aurorus,アマルルガ,rock,ice,186,163,265,"powder_snow_fast,frost_breath_fast,rock_throw_fast","weather_ball_ice,ancient_power,blizzard,thunderbolt,hyper_beam,meteor_beam",,,,,AMAURA,
sylveon,ニンフィア,fairy,,203,205,216,"charm_fast,quick_attack_fast","moonblast,dazzling_gleam,draining_kiss",,,"last_resort,psyshock",,EEVEE,
hawlucha,ルチャブル,fighting,flying,195,153,186,"low_kick_fast,poison_jab_fast","flying_press,aerial_ace,x_scissor,power_up_punch",,,,,,
dedenne,デデンネ,electric,fairy,164,134,167,"tackle_fast,thunder_shock_fast","discharge,play_rough,parabolic_charge",,,,,,
carbink,メレシー,rock,fairy,95,285,137,"tackle_fast,rock_throw_fast","rock_slide,moonblast,power_gem",,,,,,
goomy,ヌメラ,dragon,,101,112,128,"water_gun_fast,tackle_fast","dragon_pulse,sludge_wave,muddy_water",,,,SLIGGOO,,
sliggoo,ヌメイル,dragon,,159,176,169,"water_gun_fast,tackle_fast","dragon_pulse,sludge_wave,muddy_water,water_pulse",,,,GOODRA,GOOMY,
sliggoo_normal,ヌメイル,dragon,,159,176,169,"water_gun_fast,tackle_fast","dragon_pulse,sludge_wave,muddy_water,water_pulse",sliggoo_normal,,,,,
goodra,ヌメルゴン,dragon,,220,242,207,"water_gun_fast,dragon_breath_fast","draco_meteor,sludge_wave,muddy_water,power_whip,aqua_tail",,,thunder_punch,,SLIGGOO,
goodra_normal,ヌメルゴン,dragon,,220,242,207,"water_gun_fast,dragon_breath_fast","draco_meteor,sludge_wave,muddy_water,power_whip,aqua_tail",goodra_normal,,,,,
klefki,クレッフィ,steel,fairy,160,179,149,"astonish_fast,tackle_fast","flash_cannon,play_rough,draining_kiss,foul_play",,,,,,
phantump,ボクレー,ghost,grass,125,103,125,"astonish_fast,tackle_fast","seed_bomb,shadow_ball,foul_play",,,,TREVENANT,,
trevenant,オーロット,ghost,grass,201,154,198,"shadow_claw_fast,sucker_punch_fast","seed_bomb,shadow_ball,foul_play",,,,,PHANTUMP,
pumpkaboo,バケッチャ,ghost,grass,122,124,127,"astonish_fast,razor_leaf_fast","grass_knot,shadow_sneak,foul_play",,,,GOURGEIST,,
pumpkaboo_average,バケッチャ,ghost,grass,121,123,135,"astonish_fast,razor_leaf_fast","grass_knot,shadow_sneak,foul_play",pumpkaboo_average,,,,,
pumpkaboo_large,バケッチャ,ghost,grass,120,122,144,"astonish_fast,razor_leaf_fast","grass_knot,shadow_sneak,foul_play",pumpkaboo_large,,,,,
pumpkaboo_small,バケッチャ,ghost,grass,122,124,127,"astonish_fast,razor_leaf_fast","grass_knot,shadow_sneak,foul_play",pumpkaboo_small,,,,,
pumpkaboo_super,バケッチャ,ghost,grass,118,120,153,"astonish_fast,razor_leaf_fast","grass_knot,shadow_sneak,foul_play",pumpkaboo_super,,,,,
gourgeist,パンプジン,ghost,grass,171,219,146,"hex_fast,razor_leaf_fast,incinerate_fast","seed_bomb,shadow_ball,foul_play,fire_blast,poltergeist",,,,,PUMPKABOO,
gourgeist_average,パンプジン,ghost,grass,175,213,163,"hex_fast,razor_leaf_fast,incinerate_fast","seed_bomb,shadow_ball,foul_play,fire_blast,poltergeist",gourgeist_average,,,,,
gourgeist_large,パンプジン,ghost,grass,179,206,181,"hex_fast,razor_leaf_fast,incinerate_fast","seed_bomb,shadow_ball,foul_play,fire_blast,poltergeist",gourgeist_large,,,,,
gourgeist_small,パンプジン,ghost,grass,171,219,146,"hex_fast,razor_leaf_fast,incinerate_fast","seed_bomb,shadow_ball,foul_play,fire_blast,poltergeist",gourgeist_small,,,,,
gourgeist_super,パンプジン,ghost,grass,182,200,198,"hex_fast,razor_leaf_fast,incinerate_fast","seed_bomb,shadow_ball,foul_play,fire_blast,poltergeist",gourgeist_super,,,,,
bergmite,カチコール,ice,,117,120,146,"bite_fast,tackle_fast","crunch,icy_wind,mirror_coat",,,,AVALUGG,,
avalugg,クレベース,ice,,196,240,216,"bite_fast,ice_fang_fast","crunch,avalanche,earthquake,body_slam,mirror_coat,icy_wind",,,,,BERGMITE,
avalugg_hisuian,クレベース,ice,rock,214,238,216,"bite_fast,tackle_fast,powder_snow_fast","crunch,rock_slide,blizzard,icy_wind",avalugg_hisuian,,,,,
avalugg_normal,クレベース,ice,,196,240,216,"bite_fast,ice_fang_fast","crunch,avalanche,earthquake,body_slam,mirror_coat,icy_wind",avalugg_normal,,,,,
noibat,オンバット,flying,dragon,83,73,120,"wing_attack_fast,bite_fast","dragon_pulse,air_cutter,heat_wave",,,,NOIVERN,,
noivern,オンバーン,flying,dragon,205,175,198,"air_slash_fast,bite_fast","draco_meteor,hurricane,heat_wave,psychic",,,boomburst,,NOIBAT,
xerneas,ゼルネアス,fairy,,250,185,246,"tackle_fast,zen_headbutt_fast","moonblast,megahorn,close_combat,giga_impact,thunder",,geomancy_fast,,,,
yveltal,イベルタル,dark,flying,250,185,246,"sucker_punch_fast,snarl_fast,gust_fast","dark_pulse,hurricane,focus_blast,hyper_beam,psychic",,,oblivion_wing,,,
zygarde,ジガルデ,dragon,ground,203,232,239,"dragon_tail_fast,bite_fast,zen_headbutt_fast","outrage,earthquake,crunch,hyper_beam,bulldoze",,,,ZYGARDE,ZYGARDE,
zygarde_complete,ジガルデ,dragon,ground,184,207,389,"dragon_tail_fast,bite_fast,zen_headbutt_fast","outrage,earthquake,crunch,hyper_beam,bulldoze",zygarde_complete,,,,,
zygarde_complete_fifty_percent,ジガルデ,dragon,ground,203,232,239,"dragon_tail_fast,bite_fast,zen_headbutt_fast","outrage,earthquake,crunch,hyper_beam,bulldoze",zygarde_complete_fifty_percent,,,,,
zygarde_complete_ten_percent,ジガルデ,dragon,ground,205,173,144,"dragon_tail_fast,bite_fast,zen_headbutt_fast","outrage,earthquake,crunch,hyper_beam,bulldoze",zygarde_complete_ten_percent,,,,,
zygarde_fifty_percent,ジガルデ,dragon,ground,203,232,239,"dragon_tail_fast,bite_fast,zen_headbutt_fast","outrage,earthquake,crunch,hyper_beam,bulldoze",zygarde_fifty_percent,,,,,
zygarde_ten_percent,ジガルデ,dragon,ground,205,173,144,"dragon_tail_fast,bite_fast,zen_headbutt_fast","outrage,earthquake,crunch,hyper_beam,bulldoze",zygarde_ten_percent,,,,,
diancie,ディアンシー,rock,fairy,190,285,137,"tackle_fast,rock_throw_fast","rock_slide,moonblast,power_gem",,,,,,
hoopa,フーパ,psychic,ghost,261,187,173,"confusion_fast,astonish_fast","shadow_ball,psybeam,psychic",,,,,,
hoopa_confined,フーパ,psychic,ghost,261,187,173,"confusion_fast,astonish_fast","shadow_ball,psybeam,psychic",hoopa_confined,,,,,
hoopa_unbound,フーパ,psychic,dark,311,191,173,"confusion_fast,astonish_fast","shadow_ball,dark_pulse,psychic",hoopa_unbound,,,,,
volcanion,ボルケニオン,fire,water,252,216,190,"incinerate_fast,water_gun_fast,take_down_fast","hydro_pump,overheat,earth_power,sludge_bomb,scald",,,,,,
rowlet,モクロー,grass,flying,102,99,169,"tackle_fast,razor_leaf_fast,leafage_fast,magical_leaf_fast","seed_bomb,energy_ball",,,,DARTRIX,,
dartrix,フクスロー,grass,flying,142,139,186,"peck_fast,razor_leaf_fast,leafage_fast,magical_leaf_fast","seed_bomb,energy_ball,brave_bird",,,,DECIDUEYE,ROWLET,
decidueye,ジュナイパー,grass,ghost,210,179,186,"astonish_fast,razor_leaf_fast,leafage_fast,magical_leaf_fast","shadow_sneak,energy_ball,brave_bird,spirit_shackle",,,frenzy_plant,,DARTRIX,
decidueye_hisuian,ジュナイパー,grass,fighting,213,174,204,"magical_leaf_fast,psycho_cut_fast","trailblaze,energy_ball,aura_sphere,aerial_ace,night_shade",decidueye_hisuian,,,,,
decidueye_normal,ジュナイパー,grass,ghost,210,179,186,"astonish_fast,razor_leaf_fast,leafage_fast,magical_leaf_fast","shadow_sneak,energy_ball,brave_bird,spirit_shackle",decidueye_normal,,,,,
litten,ニャビー,fire,,128,79,128,"scratch_fast,ember_fast","flamethrower,flame_charge,crunch",,,,TORRACAT,,
torracat,ニャヒート,fire,,174,103,163,"bite_fast,ember_fast","flamethrower,flame_charge,crunch",,,,INCINEROAR,LITTEN,
incineroar,ガオガエン,fire,dark,214,175,216,"snarl_fast,fire_fang_fast,double_kick_fast","fire_blast,flame_charge,dark_pulse,blaze_kick,darkest_lariat,brutal_swing,drain_punch",,,blast_burn,,TORRACAT,
popplio,アシマリ,water,,120,103,137,"pound_fast,water_gun_fast","aqua_jet,water_pulse,aqua_tail",,,,BRIONNE,,
brionne,オシャマリ,water,,168,145,155,"charm_fast,water_gun_fast","aqua_jet,water_pulse,disarming_voice",,,,PRIMARINA,POPPLIO,
primarina,アシレーヌ,water,fairy,232,195,190,"charm_fast,waterfall_fast","psychic,hydro_pump,moonblast,disarming_voice,sparkling_aria",,,hydro_cannon,,BRIONNE,
pikipek,ツツケラ,normal,flying,136,59,111,"peck_fast,rock_smash_fast","drill_peck,aerial_ace,sky_attack",,,,TRUMBEAK,,
trumbeak,ケララッパ,normal,flying,159,100,146,"peck_fast,rock_smash_fast","drill_peck,rock_blast,sky_attack",,,,TOUCANNON,PIKIPEK,
toucannon,ドデカバシ,normal,flying,222,146,190,"peck_fast,rock_smash_fast,bullet_seed_fast","drill_peck,rock_blast,flash_cannon",,,beak_blast,,TRUMBEAK,
yungoos,ヤングース,normal,,122,56,134,"tackle_fast,bite_fast","hyper_fang,crunch,rock_tomb",,,,GUMSHOOS,,
gumshoos,デカグース,normal,,194,113,204,"take_down_fast,bite_fast","hyper_fang,crunch,rock_tomb",,,,,YUNGOOS,
grubbin,アゴジムシ,bug,,115,85,132,"bug_bite_fast,spark_fast","x_scissor,vice_grip,crunch",,,,CHARJABUG,,
charjabug,デンヂムシ,bug,electric,145,161,149,"bug_bite_fast,spark_fast","x_scissor,discharge,crunch",,volt_switch_fast,,VIKAVOLT,GRUBBIN,
vikavolt,クワガノン,bug,electric,254,158,184,"bug_bite_fast,spark_fast,mud_slap_fast","x_scissor,discharge,crunch,fly",,volt_switch_fast,,,CHARJABUG,
crabrawler,マケンカニ,fighting,,150,104,132,"rock_smash_fast,bubble_fast","power_up_punch,crabhammer,payback,brick_break",,,,CRABOMINABLE,,
crabominable,ケケンカニ,fighting,ice,231,138,219,"rock_smash_fast,bubble_fast","power_up_punch,crabhammer,payback,ice_punch,brick_break",,,,,CRABRAWLER,
oricorio,オドリドリ,fire,flying,196,145,181,"pound_fast,air_slash_fast","aerial_ace,air_cutter,hurricane",,,,,,
oricorio_baile,オドリドリ,fire,flying,196,145,181,"pound_fast,air_slash_fast","aerial_ace,air_cutter,hurricane",oricorio_baile,,,,,
oricorio_pau,オドリドリ,psychic,flying,196,145,181,"pound_fast,air_slash_fast","aerial_ace,air_cutter,hurricane",oricorio_pau,,,,,
oricorio_pompom,オドリドリ,electric,flying,196,145,181,"pound_fast,air_slash_fast","aerial_ace,air_cutter,hurricane",oricorio_pompom,,,,,
oricorio_sensu,オドリドリ,ghost,flying,196,145,181,"pound_fast,air_slash_fast","aerial_ace,air_cutter,hurricane",oricorio_sensu,,,,,
cutiefly,アブリー,bug,fairy,110,81,120,"fairy_wind_fast,struggle_bug_fast","dazzling_gleam,bug_buzz",,,,RIBOMBEE,,
ribombee,アブリボン,bug,fairy,198,146,155,"fairy_wind_fast,struggle_bug_fast,charm_fast","dazzling_gleam,bug_buzz,draining_kiss",,,,,CUTIEFLY,
rockruff,イワンコ,rock,,117,78,128,"tackle_fast,rock_throw_fast","stone_edge,rock_tomb,crunch,trailblaze",,,,"LYCANROC,LYCANROC",,
rockruff_dusk,イワンコ,rock,,117,78,128,"tackle_fast,rock_throw_fast","stone_edge,rock_tomb,crunch,trailblaze",rockruff_dusk,,,,,
rockruff_normal,イワンコ,rock,,117,78,128,"tackle_fast,rock_throw_fast","stone_edge,rock_tomb,crunch,trailblaze",rockruff_normal,,,,,
lycanroc,ルガルガン,rock,,231,140,181,"sucker_punch_fast,rock_throw_fast","stone_edge,drill_run,crunch,trailblaze",,,,,ROCKRUFF,
lycanroc_dusk,ルガルガン,rock,,234,139,181,"sucker_punch_fast,counter_fast,rock_throw_fast","stone_edge,iron_head,crunch,trailblaze",lycanroc_dusk,,,,,
lycanroc_midday,ルガルガン,rock,,231,140,181,"sucker_punch_fast,rock_throw_fast","stone_edge,drill_run,crunch,trailblaze",lycanroc_midday,,,,,
lycanroc_midnight,ルガルガン,rock,,218,152,198,"counter_fast,rock_throw_fast","stone_edge,psychic_fangs,crunch,trailblaze",lycanroc_midnight,,,,,
wishiwashi,ヨワシ,water,,46,43,128,"water_gun_fast,waterfall_fast,iron_tail_fast","brine,surf,aqua_tail",,,,,,
wishiwashi_school,ヨワシ,water,,255,242,128,"water_gun_fast,waterfall_fast,iron_tail_fast","brine,surf,aqua_tail",wishiwashi_school,,,,,
wishiwashi_solo,ヨワシ,water,,46,43,128,"water_gun_fast,waterfall_fast,iron_tail_fast","brine,surf,aqua_tail",wishiwashi_solo,,,,,
mareanie,ヒドイデ,poison,water,98,110,137,"poison_sting_fast,bite_fast","brine,gunk_shot,sludge_wave",,,,TOXAPEX,,
toxapex,ドヒドイデ,poison,water,114,273,137,"poison_jab_fast,bite_fast","brine,gunk_shot,sludge_wave",,,,,MAREANIE,
mudbray,ドロバンコ,ground,,175,121,172,"mud_slap_fast,rock_smash_fast","bulldoze,body_slam,earthquake",,,,MUDSDALE,,
mudsdale,バンバドロ,ground,,214,174,225,"mud_slap_fast,rock_smash_fast","bulldoze,body_slam,earthquake,heavy_slam",,,,,MUDBRAY,
dewpider,シズクモ,water,bug,72,117,116,"infestation_fast,bug_bite_fast","water_pulse,bubble_beam,mirror_coat",,,,ARAQUANID,,
araquanid,オニシズクモ,water,bug,126,219,169,"infestation_fast,bug_bite_fast","bug_buzz,bubble_beam,mirror_coat,water_pulse",,,,,DEWPIDER,
fomantis,カリキリ,grass,,100,64,120,"razor_leaf_fast,fury_cutter_fast,leafage_fast","leaf_blade,energy_ball,grass_knot,trailblaze",,,,LURANTIS,,
lurantis,ラランテス,grass,,192,169,172,"razor_leaf_fast,fury_cutter_fast,leafage_fast","leaf_blade,leaf_storm,super_power,x_scissor,trailblaze",,,,,FOMANTIS,
morelull,ネマシュ,grass,fairy,108,119,120,astonish_fast,"dazzling_gleam,seed_bomb",,,,SHIINOTIC,,
shiinotic,マシェード,grass,fairy,154,168,155,astonish_fast,"moonblast,seed_bomb,sludge_bomb",,,,,MORELULL,
salandit,ヤトウモリ,poison,fire,136,80,134,"ember_fast,poison_jab_fast","poison_fang,flamethrower,dragon_pulse",,,,SALAZZLE,,
salazzle,エンニュート,poison,fire,228,130,169,"incinerate_fast,poison_jab_fast","poison_fang,fire_blast,dragon_pulse,sludge_wave",,,,,SALANDIT,
stufful,ヌイコグマ,normal,fighting,136,95,172,"tackle_fast,take_down_fast","super_power,brick_break,stomp",,,,BEWEAR,,
bewear,キテルグマ,normal,fighting,226,141,260,"tackle_fast,low_kick_fast,shadow_claw_fast","super_power,payback,stomp",,,drain_punch,,STUFFUL,
bounsweet,アマカジ,grass,,55,69,123,"razor_leaf_fast,charm_fast","energy_ball,draining_kiss",,,,STEENEE,,
steenee,アママイコ,grass,,78,94,141,"razor_leaf_fast,charm_fast","energy_ball,draining_kiss,grass_knot,triple_axel",,,,TSAREENA,BOUNSWEET,
tsareena,アマージョ,grass,,222,195,176,"razor_leaf_fast,charm_fast,magical_leaf_fast","energy_ball,draining_kiss,grass_knot,stomp,triple_axel",,,high_jump_kick,,STEENEE,
comfey,キュワワー,fairy,,165,215,139,"vine_whip_fast,hidden_power_fast","petal_blizzard,grass_knot,draining_kiss",,,,,,
oranguru,ヤレユータン,normal,psychic,168,192,207,"confusion_fast,zen_headbutt_fast,yawn_fast","psychic,foul_play,futuresight,trailblaze,brutal_swing",,,,,,
passimian,ナゲツケサル,fighting,,222,160,225,"counter_fast,rock_smash_fast,take_down_fast","brick_break,close_combat,super_power,brutal_swing,drain_punch",,,,,,
wimpod,コソクムシ,bug,water,67,74,93,struggle_bug_fast,bug_buzz,,,,GOLISOPOD,,
golisopod,グソクムシャ,bug,water,218,226,181,"fury_cutter_fast,metal_claw_fast,waterfall_fast,shadow_claw_fast","x_scissor,aqua_jet,aerial_ace,liquidation,razor_shell",,,,,WIMPOD,
sandygast,スナバァ,ghost,ground,120,118,146,"astonish_fast,mud_shot_fast,sand_attack_fast","sand_tomb,shadow_ball,earth_power,scorching_sands",,,,PALOSSAND,,
palossand,シロデスナ,ghost,ground,178,178,198,"astonish_fast,mud_shot_fast,sand_attack_fast","sand_tomb,shadow_ball,earth_power,scorching_sands",,,,,SANDYGAST,
pyukumuku,ナマコブシ,water,,97,224,146,counter_fast,mirror_coat,,,,,,
type_null,タイプ・ヌル,normal,,184,184,216,"tackle_fast,take_down_fast","tri_attack,iron_head,aerial_ace",,,,SILVALLY,,
silvally,シルヴァディ,normal,,198,198,216,"tackle_fast,take_down_fast,bite_fast","tri_attack,iron_head,aerial_ace,x_scissor",,,,,TYPE_NULL,
silvally_bug,シルヴァディ,bug,,198,198,216,"tackle_fast,take_down_fast,bite_fast","tri_attack,iron_head,aerial_ace,x_scissor",silvally_bug,,,,,
silvally_dark,シルヴァディ,dark,,198,198,216,"tackle_fast,take_down_fast,bite_fast","tri_attack,iron_head,aerial_ace,x_scissor",silvally_dark,,,,,
silvally_dragon,シルヴァディ,dragon,,198,198,216,"tackle_fast,take_down_fast,bite_fast","tri_attack,iron_head,aerial_ace,x_scissor",silvally_dragon,,,,,
silvally_electric,シルヴァディ,electric,,198,198,216,"tackle_fast,take_down_fast,bite_fast","tri_attack,iron_head,aerial_ace,x_scissor",silvally_electric,,,,,
silvally_fairy,シルヴァディ,fairy,,198,198,216,"tackle_fast,take_down_fast,bite_fast","tri_attack,iron_head,aerial_ace,x_scissor",silvally_fairy,,,,,
silvally_fighting,シルヴァディ,fighting,,198,198,216,"tackle_fast,take_down_fast,bite_fast","tri_attack,iron_head,aerial_ace,x_scissor",silvally_fighting,,,,,
silvally_fire,シルヴァディ,fire,,198,198,216,"tackle_fast,take_down_fast,bite_fast","tri_attack,iron_head,aerial_ace,x_scissor",silvally_fire,,,,,
silvally_flying,シルヴァディ,flying,,198,198,216,"tackle_fast,take_down_fast,bite_fast","tri_attack,iron_head,aerial_ace,x_scissor",silvally_flying,,,,,
silvally_ghost,シルヴァディ,ghost,,198,198,216,"tackle_fast,take_down_fast,bite_fast","tri_attack,iron_head,aerial_ace,x_scissor",silvally_ghost,,,,,
silvally_grass,シルヴァディ,grass,,198,198,216,"tackle_fast,take_down_fast,bite_fast","tri_attack,iron_head,aerial_ace,x_scissor",silvally_grass,,,,,
silvally_ground,シルヴァディ,ground,,198,198,216,"tackle_fast,take_down_fast,bite_fast","tri_attack,iron_head,aerial_ace,x_scissor",silvally_ground,,,,,
silvally_ice,シルヴァディ,ice,,198,198,216,"tackle_fast,take_down_fast,bite_fast","tri_attack,iron_head,aerial_ace,x_scissor",silvally_ice,,,,,
silvally_normal,シルヴァディ,normal,,198,198,216,"tackle_fast,take_down_fast,bite_fast","tri_attack,iron_head,aerial_ace,x_scissor",silvally_normal,,,,,
silvally_poison,シルヴァディ,poison,,198,198,216,"tackle_fast,take_down_fast,bite_fast","tri_attack,iron_head,aerial_ace,x_scissor",silvally_poison,,,,,
silvally_psychic,シルヴァディ,psychic,,198,198,216,"tackle_fast,take_down_fast,bite_fast","tri_attack,iron_head,aerial_ace,x_scissor",silvally_psychic,,,,,
silvally_rock,シルヴァディ,rock,,198,198,216,"tackle_fast,take_down_fast,bite_fast","tri_attack,iron_head,aerial_ace,x_scissor",silvally_rock,,,,,
silvally_steel,シルヴァディ,steel,,198,198,216,"tackle_fast,take_down_fast,bite_fast","tri_attack,iron_head,aerial_ace,x_scissor",silvally_steel,,,,,
silvally_water,シルヴァディ,water,,198,198,216,"tackle_fast,take_down_fast,bite_fast","tri_attack,iron_head,aerial_ace,x_scissor",silvally_water,,,,,
minior,メテノ,rock,flying,116,194,155,"rollout_fast,take_down_fast","power_gem,ancient_power,acrobatics",,,,,,
minior_blue,メテノ,rock,flying,218,131,155,"rollout_fast,take_down_fast","power_gem,ancient_power,acrobatics",minior_blue,,,,,
minior_green,メテノ,rock,flying,218,131,155,"rollout_fast,take_down_fast","power_gem,ancient_power,acrobatics",minior_green,,,,,
minior_indigo,メテノ,rock,flying,218,131,155,"rollout_fast,take_down_fast","power_gem,ancient_power,acrobatics",minior_indigo,,,,,
minior_orange,メテノ,rock,flying,218,131,155,"rollout_fast,take_down_fast","power_gem,ancient_power,acrobatics",minior_orange,,,,,
minior_red,メテノ,rock,flying,218,131,155,"rollout_fast,take_down_fast","power_gem,ancient_power,acrobatics",minior_red,,,,,
minior_violet,メテノ,rock,flying,218,131,155,"rollout_fast,take_down_fast","power_gem,ancient_power,acrobatics",minior_violet,,,,,
minior_yellow,メテノ,rock,flying,218,131,155,"rollout_fast,take_down_fast","power_gem,ancient_power,acrobatics",minior_yellow,,,,,
komala,ネッコアラ,normal,,216,165,163,"rollout_fast,yawn_fast","play_rough,bulldoze,payback",,,,,,
turtonator,バクガメス,fire,dragon,165,215,155,"ember_fast,fire_spin_fast,incinerate_fast","overheat,flamethrower,dragon_pulse,flash_cannon,brutal_swing,dragon_claw",,,,,,
togedemaru,トゲデマル,electric,steel,190,145,163,"thunder_shock_fast,spark_fast","fell_stinger,wild_charge,gyro_ball",,,,,,
mimikyu,ミミッキュ,ghost,fairy,177,199,146,"shadow_claw_fast,hex_fast","shadow_sneak,play_rough,thunder",,,,,,
mimikyu_busted,ミミッキュ,ghost,fairy,177,199,146,"shadow_claw_fast,hex_fast","shadow_sneak,play_rough,thunder",mimikyu_busted,,,,,
mimikyu_disguised,ミミッキュ,ghost,fairy,177,199,146,"shadow_claw_fast,hex_fast","shadow_sneak,play_rough,thunder",mimikyu_disguised,,,,,
bruxish,ハギギシリ,water,psychic,208,145,169,"water_gun_fast,confusion_fast,bite_fast","psychic_fangs,aqua_tail,crunch,psyshock",,,,,,
drampa,ジジーロン,normal,dragon,231,164,186,"dragon_breath_fast,extrasensory_fast","outrage,dragon_pulse,fly,swift",,,,,,
dhelmise,ダダリン,ghost,grass,233,179,172,"astonish_fast,shadow_claw_fast,metal_sound_fast","power_whip,shadow_ball,heavy_slam,wrap,brutal_swing",,,,,,
jangmo_o,ジャラコ,dragon,,102,108,128,"tackle_fast,dragon_tail_fast","dragon_claw,brick_break,dragon_pulse",,,,HAKAMO_O,,
hakamo_o,ジャランゴ,dragon,fighting,145,162,146,"tackle_fast,dragon_tail_fast","dragon_claw,brick_break,dragon_pulse,rock_tomb",,,,KOMMO_O,JANGMO_O,
kommo_o,ジャラランガ,dragon,fighting,222,240,181,"poison_jab_fast,dragon_tail_fast,metal_sound_fast","dragon_claw,close_combat,flamethrower,boomburst,brick_break,upper_hand",,,clanging_scales,,HAKAMO_O,
tapu_koko,カプ・コケコ,electric,fairy,250,181,172,"volt_switch_fast,quick_attack_fast","thunderbolt,dazzling_gleam,brave_bird,thunder",,,natures_madness,,,
tapu_lele,カプ・テテフ,psychic,fairy,259,208,172,"confusion_fast,astonish_fast","psyshock,moonblast,focus_blast,futuresight,draining_kiss",,,natures_madness,,,
tapu_bulu,カプ・ブルル,grass,fairy,249,215,172,"bullet_seed_fast,rock_smash_fast","grass_knot,dazzling_gleam,megahorn,solar_beam",,,natures_madness,,,
tapu_fini,カプ・レヒレ,water,fairy,189,254,172,"water_gun_fast,hidden_power_fast","surf,moonblast,ice_beam,hydro_pump",,,natures_madness,,,
cosmog,コスモッグ,psychic,,54,57,125,splash_fast,struggle,,,,COSMOEM,,
cosmoem,コスモウム,psychic,,54,242,125,splash_fast,struggle,,,,"SOLGALEO,LUNALA",COSMOG,
solgaleo,ソルガレオ,psychic,steel,255,191,264,"zen_headbutt_fast,fire_spin_fast","iron_head,psychic_fangs,solar_beam,flamethrower",,,,,COSMOEM,
lunala,ルナアーラ,psychic,ghost,255,191,264,"confusion_fast,air_slash_fast,shadow_claw_fast","shadow_ball,psychic,moonblast,futuresight",,,,,COSMOEM,
nihilego,ウツロイド,rock,poison,249,210,240,"acid_fast,pound_fast,poison_jab_fast","power_gem,gunk_shot,sludge_bomb,rock_slide",,,,,,
buzzwole,マッシブーン,bug,fighting,236,196,216,"counter_fast,poison_jab_fast","power_up_punch,fell_stinger,lunge,super_power",,,,,,
pheromosa,フェローチェ,bug,fighting,316,85,174,"bug_bite_fast,low_kick_fast","focus_blast,bug_buzz,lunge,close_combat",,,,,,
xurkitree,デンジュモク,electric,,330,144,195,"thunder_shock_fast,spark_fast","discharge,thunder,power_whip,dazzling_gleam",,,,,,
celesteela,テッカグヤ,steel,flying,207,199,219,"air_slash_fast,smack_down_fast","iron_head,body_slam,heavy_slam,bulldoze",,,,,,
kartana,カミツルギ,grass,steel,323,182,139,"air_slash_fast,razor_leaf_fast,fury_cutter_fast","leaf_blade,x_scissor,night_slash,aerial_ace,sacred_sword",,,,,,
guzzlord,アクジキング,dark,dragon,188,99,440,"snarl_fast,dragon_tail_fast","brutal_swing,dragon_claw,crunch,sludge_bomb",,,,,,
necrozma,ネクロズマ,psychic,,251,195,219,"metal_claw_fast,psycho_cut_fast,shadow_claw_fast","dark_pulse,futuresight,iron_head,outrage",,,,,,
necrozma_dawn_wings,ネクロズマ,psychic,ghost,277,220,200,"metal_claw_fast,psycho_cut_fast,shadow_claw_fast","dark_pulse,futuresight,iron_head,outrage",necrozma_dawn_wings,,,,,
necrozma_dusk_mane,ネクロズマ,psychic,steel,277,220,200,"metal_claw_fast,psycho_cut_fast,shadow_claw_fast","dark_pulse,futuresight,iron_head,outrage",necrozma_dusk_mane,,,,,
necrozma_normal,ネクロズマ,psychic,,251,195,219,"metal_claw_fast,psycho_cut_fast,shadow_claw_fast","dark_pulse,futuresight,iron_head,outrage",necrozma_normal,,,,,
necrozma_ultra,ネクロズマ,psychic,dragon,337,196,200,splash_fast,struggle,necrozma_ultra,,,,,
magearna,マギアナ,steel,fairy,246,225,190,splash_fast,struggle,,,,,,
magearna_normal,マギアナ,steel,fairy,246,225,190,splash_fast,struggle,magearna_normal,,,,,
magearna_original_color,マギアナ,steel,fairy,246,225,190,splash_fast,struggle,magearna_original_color,,,,,
marshadow,マーシャドー,fighting,ghost,265,190,207,"sucker_punch_fast,counter_fast,poison_jab_fast,shadow_claw_fast","close_combat,fire_punch,thunder_punch,ice_punch,rock_slide",,,,,,
poipole,ベベノム,poison,,145,133,167,"poison_jab_fast,peck_fast","sludge_bomb,sludge_wave,fell_stinger",,,,NAGANADEL,,
naganadel,アーゴヨン,poison,dragon,263,159,177,"poison_jab_fast,air_slash_fast","sludge_bomb,acrobatics,fell_stinger,dragon_pulse,dragon_claw",,,,,POIPOLE,
stakataka,ツンデツンデ,rock,steel,213,298,156,"rock_throw_fast,take_down_fast","flash_cannon,stone_edge,bulldoze",,,,,,
blacephalon,ズガドーン,fire,ghost,315,148,142,"incinerate_fast,astonish_fast","mystical_fire,shadow_ball,overheat",,,mind_blown,,,
zeraora,ゼラオラ,electric,,252,177,204,"spark_fast,volt_switch_fast","thunder_punch,discharge,wild_charge",,,,,,
meltan,メルタン,steel,,118,99,130,thunder_shock_fast,"flash_cannon,thunderbolt",,,,MELMETAL,,
meltan_normal,メルタン,steel,,118,99,130,thunder_shock_fast,"flash_cannon,thunderbolt",meltan_normal,,,,,
melmetal,メルメタル,steel,,226,190,264,thunder_shock_fast,"flash_cannon,thunderbolt,hyper_beam,rock_slide,super_power",,,double_iron_bash,,MELTAN,
melmetal_normal,メルメタル,steel,,226,190,264,thunder_shock_fast,"flash_cannon,thunderbolt,hyper_beam,rock_slide,super_power",melmetal_normal,,,,,
grookey,サルノリ,grass,,122,91,137,"scratch_fast,razor_leaf_fast","energy_ball,grass_knot",,,,THWACKEY,,
thwackey,バチンキー,grass,,165,134,172,"scratch_fast,razor_leaf_fast","energy_ball,grass_knot",,,,RILLABOOM,GROOKEY,
rillaboom,ゴリランダー,grass,,239,168,225,"scratch_fast,razor_leaf_fast","energy_ball,grass_knot,earth_power,drum_beating",,,frenzy_plant,,THWACKEY,
scorbunny,ヒバニー,fire,,132,79,137,"tackle_fast,fire_spin_fast","flame_charge,flamethrower",,,,RABOOT,,
raboot,ラビフット,fire,,170,125,163,"tackle_fast,fire_spin_fast","flame_charge,flamethrower",,,,CINDERACE,SCORBUNNY,
cinderace,エースバーン,fire,,238,163,190,"tackle_fast,fire_spin_fast","flame_charge,flamethrower,focus_blast,pyro_ball",,,,,RABOOT,
sobble,メッソン,water,,132,79,137,"pound_fast,water_gun_fast","water_pulse,surf",,,,DRIZZILE,,
drizzile,ジメレオン,water,,186,113,163,"pound_fast,water_gun_fast","water_pulse,surf",,,,INTELEON,SOBBLE,
inteleon,インテレオン,water,,262,142,172,"pound_fast,water_gun_fast","water_pulse,surf,shadow_ball",,,,,DRIZZILE,
skwovet,ホシガリス,normal,,95,86,172,"tackle_fast,bite_fast,bullet_seed_fast","body_slam,crunch,trailblaze",,,,GREEDENT,,
greedent,ヨクバリス,normal,,160,156,260,"tackle_fast,bite_fast,bullet_seed_fast,mud_shot_fast","body_slam,crunch,trailblaze",,,,,SKWOVET,
rookidee,ココガラ,flying,,88,67,116,"peck_fast,air_slash_fast,sand_attack_fast","sky_attack,payback",,,,CORVISQUIRE,,
corvisquire,アオガラス,flying,,129,110,169,"peck_fast,air_slash_fast,sand_attack_fast","sky_attack,payback",,,,CORVIKNIGHT,ROOKIDEE,
corviknight,アーマーガア,flying,steel,163,192,221,"steel_wing_fast,air_slash_fast,sand_attack_fast","sky_attack,payback",,,"iron_head,air_cutter",,CORVISQUIRE,
blipbug,サッチムシ,bug,,46,67,93,struggle_bug_fast,struggle,,,,DOTTLER,,
dottler,レドームシ,bug,psychic,87,157,137,"struggle_bug_fast,confusion_fast","bug_buzz,psychic",,,,ORBEETLE,BLIPBUG,
orbeetle,イオルブ,bug,psychic,156,240,155,"struggle_bug_fast,confusion_fast","bug_buzz,psychic",,,,,DOTTLER,
nickit,クスネ,dark,,85,82,120,"sucker_punch_fast,snarl_fast,quick_attack_fast","night_slash,play_rough",,,,THIEVUL,,
thievul,フォクスライ,dark,,172,164,172,"sucker_punch_fast,snarl_fast,quick_attack_fast","night_slash,play_rough",,,,,NICKIT,
gossifleur,ヒメンカ,grass,,70,104,120,"razor_leaf_fast,bullet_seed_fast","energy_ball,grass_knot",,,,ELDEGOSS,,
eldegoss,ワタシラガ,grass,,148,211,155,"razor_leaf_fast,bullet_seed_fast","energy_ball,grass_knot",,,,,GOSSIFLEUR,
wooloo,ウールー,normal,,76,97,123,"tackle_fast,take_down_fast","wild_charge,payback,stomp",,,,DUBWOOL,,
dubwool,バイウールー,normal,,159,198,176,"tackle_fast,take_down_fast,double_kick_fast","wild_charge,payback,body_slam",,,,,WOOLOO,
chewtle,カムカメ,water,,114,85,137,"water_gun_fast,bite_fast","body_slam,surf",,,,DREDNAW,,
drednaw,カジリガメ,water,rock,213,164,207,"waterfall_fast,bite_fast","body_slam,surf,rock_blast,crunch",,,,,CHEWTLE,
yamper,ワンパチ,electric,,80,90,153,"spark_fast,bite_fast","crunch,thunder",,,,BOLTUND,,
boltund,パルスワン,electric,,197,131,170,"spark_fast,bite_fast","crunch,thunder",,,,,YAMPER,
rolycoly,タンドン,rock,,73,91,102,"smack_down_fast,tackle_fast","rock_blast,rock_slide",,,,CARKOL,,
carkol,トロッゴン,rock,fire,114,157,190,"smack_down_fast,tackle_fast","rock_blast,rock_slide,flame_charge",,,,COALOSSAL,ROLYCOLY,
coalossal,セキタンザン,rock,fire,146,198,242,"smack_down_fast,fire_spin_fast","rock_blast,rock_slide,flame_charge",,,,,CARKOL,
applin,カジッチュ,grass,dragon,71,116,120,astonish_fast,struggle,,,,"APPLETUN,FLAPPLE,1011",,
flapple,アップリュー,grass,dragon,214,144,172,"bullet_seed_fast,dragon_breath_fast","dragon_pulse,fly,outrage,seed_bomb",,,,,APPLIN,
appletun,タルップル,grass,dragon,178,146,242,"bullet_seed_fast,astonish_fast","dragon_pulse,energy_ball,outrage,seed_bomb",,,,,APPLIN,
silicobra,スナヘビ,ground,,103,123,141,"mud_slap_fast,mud_shot_fast","dig,bulldoze,earth_power,wrap",,,,SANDACONDA,,
sandaconda,サダイジャ,ground,,202,207,176,"mud_slap_fast,mud_shot_fast","dig,bulldoze,earth_power,wrap",,,,,SILICOBRA,
cramorant,ウッウ,flying,water,173,163,172,"peck_fast,water_gun_fast","drill_peck,fly,hydro_pump",,,,,,
arrokuda,サシカマス,water,,118,72,121,"waterfall_fast,bite_fast,peck_fast","crunch,aqua_jet,close_combat",,,,BARRASKEWDA,,
barraskewda,カマスジョー,water,,258,127,156,"waterfall_fast,bite_fast,peck_fast","crunch,aqua_jet,close_combat",,,,,ARROKUDA,
toxel,エレズン,electric,poison,97,65,120,acid_fast,power_up_punch,,,,"TOXTRICITY,TOXTRICITY",,
toxtricity,ストリンダー,electric,poison,224,140,181,"acid_fast,spark_fast,poison_jab_fast","acid_spray,discharge,wild_charge,power_up_punch",,,,,TOXEL,
toxtricity_amped,ストリンダー,electric,poison,224,140,181,"acid_fast,spark_fast,poison_jab_fast","acid_spray,discharge,wild_charge,power_up_punch",toxtricity_amped,,,,,
toxtricity_low_key,ストリンダー,electric,poison,224,140,181,"acid_fast,spark_fast,poison_jab_fast","acid_spray,discharge,wild_charge,power_up_punch",toxtricity_low_key,,,,,
sizzlipede,ヤクデ,fire,bug,118,90,137,"bug_bite_fast,ember_fast","heat_wave,bug_buzz,crunch",,,,CENTISKORCH,,
centiskorch,マルヤクデ,fire,bug,220,158,225,"bug_bite_fast,ember_fast","heat_wave,bug_buzz,crunch,lunge",,,,,SIZZLIPEDE,
clobbopus,タタッコ,fighting,,121,103,137,rock_smash_fast,"brick_break,super_power,ice_punch",,,,GRAPPLOCT,,
grapploct,オトスパス,fighting,,209,162,190,"rock_smash_fast,waterfall_fast","brick_break,super_power,ice_punch,surf",,,,,CLOBBOPUS,
sinistea,ヤバチャ,ghost,,134,96,120,"astonish_fast,sucker_punch_fast","shadow_ball,dark_pulse,psychic",,,,POLTEAGEIST,,
sinistea_antique,ヤバチャ,ghost,,134,96,120,"astonish_fast,sucker_punch_fast","shadow_ball,dark_pulse,psychic",sinistea_antique,,,,,
sinistea_phony,ヤバチャ,ghost,,134,96,120,"astonish_fast,sucker_punch_fast","shadow_ball,dark_pulse,psychic",sinistea_phony,,,,,
polteageist,ポットデス,ghost,,248,189,155,"astonish_fast,sucker_punch_fast,hex_fast","shadow_ball,dark_pulse,psychic",,,,,SINISTEA,
polteageist_antique,ポットデス,ghost,,248,189,155,"astonish_fast,sucker_punch_fast,hex_fast","shadow_ball,dark_pulse,psychic",polteageist_antique,,,,,
polteageist_phony,ポットデス,ghost,,248,189,155,"astonish_fast,sucker_punch_fast,hex_fast","shadow_ball,dark_pulse,psychic",polteageist_phony,,,,,
hatenna,ミブリム,psychic,,98,93,123,"confusion_fast,charm_fast","psyshock,psychic,dazzling_gleam",,,,HATTREM,,
hattrem,テブリム,psychic,,153,133,149,"confusion_fast,charm_fast","psyshock,psychic,dazzling_gleam",,,,HATTERENE,HATENNA,
hatterene,ブリムオン,psychic,fairy,237,182,149,"confusion_fast,charm_fast,psycho_cut_fast","psyshock,psychic,dazzling_gleam,power_whip",,,,,HATTREM,
impidimp,ベロバー,dark,fairy,103,69,128,"bite_fast,sucker_punch_fast","foul_play,dark_pulse,play_rough",,,,MORGREM,,
morgrem,ギモー,dark,fairy,145,102,163,"bite_fast,sucker_punch_fast","foul_play,dark_pulse,play_rough",,,,GRIMMSNARL,IMPIDIMP,
grimmsnarl,オーロンゲ,dark,fairy,227,139,216,"bite_fast,sucker_punch_fast,low_kick_fast","foul_play,dark_pulse,play_rough,power_up_punch",,,,,MORGREM,
obstagoon,タチフサグマ,dark,normal,180,194,212,"counter_fast,lick_fast","cross_chop,night_slash,hyper_beam,gunk_shot",,,obstruct,,,
obstagoon_normal,タチフサグマ,dark,normal,180,194,212,"counter_fast,lick_fast","cross_chop,night_slash,hyper_beam,gunk_shot",obstagoon_normal,,,,,
perrserker,ニャイキング,steel,,195,162,172,"metal_claw_fast,shadow_claw_fast,metal_sound_fast","iron_head,close_combat,play_rough,foul_play,trailblaze",,,,,,
perrserker_normal,ニャイキング,steel,,195,162,172,"metal_claw_fast,shadow_claw_fast,metal_sound_fast","iron_head,close_combat,play_rough,foul_play,trailblaze",perrserker_normal,,,,,
cursola,サニゴーン,ghost,,253,182,155,"tackle_fast,astonish_fast","rock_blast,power_gem,night_shade",,,,,,
cursola_normal,サニゴーン,ghost,,253,182,155,"tackle_fast,astonish_fast","rock_blast,power_gem,night_shade",cursola_normal,,,,,
sirfetchd,ネギガナイト,fighting,,248,176,158,"counter_fast,fury_cutter_fast","close_combat,brave_bird,leaf_blade,night_slash",,,,,,
sirfetchd_normal,ネギガナイト,fighting,,248,176,158,"counter_fast,fury_cutter_fast","close_combat,brave_bird,leaf_blade,night_slash",sirfetchd_normal,,,,,
mr_rime,バリコオル,ice,psychic,212,179,190,"confusion_fast,zen_headbutt_fast,ice_shard_fast","psybeam,psychic,ice_punch,icy_wind,triple_axel",,,,,,
mr_rime_normal,バリコオル,ice,psychic,212,179,190,"confusion_fast,zen_headbutt_fast,ice_shard_fast","psybeam,psychic,ice_punch,icy_wind,triple_axel",mr_rime_normal,,,,,
runerigus,デスバーン,ground,ghost,163,237,151,"astonish_fast,shadow_claw_fast","shadow_ball,sand_tomb,rock_tomb,brutal_swing",,,,,,
runerigus_normal,デスバーン,ground,ghost,163,237,151,"astonish_fast,shadow_claw_fast","shadow_ball,sand_tomb,rock_tomb,brutal_swing",runerigus_normal,,,,,
milcery,マホミル,fairy,,90,97,128,"tackle_fast,charm_fast",dazzling_gleam,,,,ALCREMIE,,
alcremie,マホイップ,fairy,,203,203,163,"tackle_fast,charm_fast","dazzling_gleam,psyshock,energy_ball",,,,,MILCERY,
falinks,タイレーツ,fighting,,193,170,163,"rock_smash_fast,counter_fast","super_power,brick_break,megahorn",,,,,,
falinks_gofest_2025_train_conductor,タイレーツ,fighting,,193,170,163,"rock_smash_fast,counter_fast","super_power,brick_break,megahorn",falinks_gofest_2025_train_conductor,,,,,
pincurchin,バチンウニ,electric,,176,161,134,"thunder_shock_fast,water_gun_fast,poison_jab_fast","discharge,thunderbolt,bubble_beam",,,,,,
snom,ユキハミ,ice,bug,76,59,102,"powder_snow_fast,struggle_bug_fast","icy_wind,bug_buzz",,,,FROSMOTH,,
frosmoth,モスノウ,ice,bug,230,155,172,"powder_snow_fast,bug_bite_fast","icy_wind,bug_buzz,ice_beam,hurricane",,,,,SNOM,
stonjourner,イシヘンジン,rock,,222,182,225,rock_throw_fast,"stone_edge,rock_slide,stomp",,,,,,
eiscue,コオリッポ,ice,,148,195,181,powder_snow_fast,"icy_wind,weather_ball_ice,surf",,,,,,
eiscue_ice,コオリッポ,ice,,148,195,181,powder_snow_fast,"icy_wind,weather_ball_ice,surf",eiscue_ice,,,,,
eiscue_noice,コオリッポ,ice,,173,139,181,powder_snow_fast,"icy_wind,weather_ball_ice,surf",eiscue_noice,,,,,
indeedee,イエッサン,psychic,normal,208,166,155,extrasensory_fast,"psybeam,psychic,shadow_ball",,,,,,
indeedee_female,イエッサン,psychic,normal,184,184,172,extrasensory_fast,"psybeam,psychic,energy_ball",indeedee_female,,,,,
indeedee_male,イエッサン,psychic,normal,208,166,155,extrasensory_fast,"psybeam,psychic,shadow_ball",indeedee_male,,,,,
morpeko,モルペコ,electric,dark,192,121,151,"charge_beam_fast,bite_fast,thunder_shock_fast","seed_bomb,outrage,psychic_fangs",,,,,,
morpeko_full_belly,モルペコ,electric,dark,192,121,151,"charge_beam_fast,bite_fast,thunder_shock_fast","seed_bomb,outrage,psychic_fangs,aura_wheel_electric",morpeko_full_belly,,,,,
morpeko_hangry,モルペコ,electric,dark,192,121,151,"charge_beam_fast,bite_fast,thunder_shock_fast","seed_bomb,outrage,psychic_fangs,aura_wheel_dark",morpeko_hangry,,,,,
cufant,ゾウドウ,steel,,140,91,176,"tackle_fast,rock_smash_fast","iron_head,dig,play_rough",,,,COPPERAJAH,,
copperajah,ダイオウドウ,steel,,226,126,263,"tackle_fast,rock_smash_fast","iron_head,dig,play_rough,heavy_slam",,,,,CUFANT,
dracozolt,パッチラゴン,electric,dragon,195,165,207,"dragon_tail_fast,thunder_shock_fast","discharge,dragon_pulse,ancient_power",,,,,,
arctozolt,パッチルドン,electric,ice,190,166,207,"powder_snow_fast,thunder_shock_fast","discharge,avalanche,ancient_power",,,,,,
dracovish,ウオノラゴン,water,dragon,175,185,207,"dragon_breath_fast,water_gun_fast","brine,dragon_pulse,ancient_power",,,,,,
arctovish,ウオチルドン,water,ice,171,185,207,"powder_snow_fast,water_gun_fast","brine,avalanche,ancient_power",,,,,,
duraludon,ジュラルドン,steel,dragon,239,185,172,"dragon_tail_fast,metal_claw_fast","flash_cannon,dragon_claw,hyper_beam",,,,,,
dreepy,ドラメシヤ,dragon,ghost,117,61,99,"astonish_fast,quick_attack_fast",struggle,,,,DRAKLOAK,,
drakloak,ドロンチ,dragon,ghost,163,105,169,"astonish_fast,dragon_tail_fast","dragon_pulse,shadow_ball,outrage",,,,DRAGAPULT,DREEPY,
dragapult,ドラパルト,dragon,ghost,266,170,204,"astonish_fast,dragon_tail_fast","dragon_pulse,shadow_ball,outrage,breaking_swipe",,,,,DRAKLOAK,
zacian,ザシアン,fairy,steel,254,236,192,"metal_claw_fast,snarl_fast,quick_attack_fast,fire_fang_fast","play_rough,iron_head,wild_charge,close_combat",,,,,,
zacian_crowned_sword,ザシアン,fairy,steel,332,240,192,"metal_claw_fast,air_slash_fast","play_rough,close_combat,giga_impact",zacian_crowned_sword,,,,,
zacian_hero,ザシアン,fairy,,254,236,192,"metal_claw_fast,snarl_fast,quick_attack_fast,fire_fang_fast","play_rough,iron_head,wild_charge,close_combat",zacian_hero,,,,,
zamazenta,ザマゼンタ,fighting,steel,254,236,192,"metal_claw_fast,snarl_fast,quick_attack_fast,ice_fang_fast","moonblast,iron_head,crunch,close_combat",,,,,,
zamazenta_crowned_shield,ザマゼンタ,fighting,steel,250,292,192,"metal_claw_fast,ice_fang_fast","moonblast,close_combat,giga_impact",zamazenta_crowned_shield,,,,,
zamazenta_hero,ザマゼンタ,fighting,,254,236,192,"metal_claw_fast,snarl_fast,quick_attack_fast,ice_fang_fast","moonblast,iron_head,crunch,close_combat",zamazenta_hero,,,,,
eternatus,ムゲンダイナ,poison,dragon,278,192,268,"dragon_tail_fast,poison_jab_fast","sludge_bomb,dragon_pulse,flamethrower",,,,,,
eternatus_eternamax,ムゲンダイナ,poison,dragon,251,505,452,"dragon_tail_fast,poison_jab_fast","sludge_bomb,hyper_beam,flamethrower",eternatus_eternamax,,dynamax_cannon,,,
eternatus_normal,ムゲンダイナ,poison,dragon,278,192,268,"dragon_tail_fast,poison_jab_fast","sludge_bomb,dragon_pulse,flamethrower",eternatus_normal,,,,,
kubfu,ダクマ,fighting,,170,112,155,"rock_smash_fast,counter_fast","brick_break,dynamic_punch,close_combat",,,,"URSHIFU,URSHIFU",,
urshifu,ウーラオス,fighting,,254,177,225,"rock_smash_fast,counter_fast","brick_break,dynamic_punch,close_combat",,,,,KUBFU,
urshifu_rapid_strike,ウーラオス,fighting,water,254,177,225,"rock_smash_fast,counter_fast,waterfall_fast","brick_break,dynamic_punch,close_combat,aqua_jet",urshifu_rapid_strike,,,,,
urshifu_single_strike,ウーラオス,fighting,dark,254,177,225,"rock_smash_fast,counter_fast,sucker_punch_fast","brick_break,dynamic_punch,close_combat,payback",urshifu_single_strike,,,,,
zarude,ザルード,dark,grass,242,215,233,"vine_whip_fast,bite_fast","power_whip,energy_ball,dark_pulse",,,,,,
regieleki,レジエレキ,electric,,250,125,190,"thunder_shock_fast,lock_on_fast,volt_switch_fast","hyper_beam,thunder,zap_cannon",,,thunder_cage,,,
regidrago,レジドラゴ,dragon,,202,101,400,bite_fast,"hyper_beam,outrage,dragon_pulse,breaking_swipe,vice_grip",,dragon_breath_fast,dragon_energy,,,
glastrier,ブリザポス,ice,,246,223,225,"tackle_fast,take_down_fast","avalanche,icy_wind,bulldoze",,,,,,
spectrier,レイスポス,ghost,,273,146,205,"tackle_fast,take_down_fast","shadow_ball,foul_play,bulldoze",,,,,,
calyrex,バドレックス,psychic,grass,162,162,225,"pound_fast,confusion_fast","psyshock,psychic,energy_ball",,,,,,
calyrex_ice_rider,バドレックス,psychic,ice,268,246,205,"confusion_fast,take_down_fast","psyshock,psychic,energy_ball,avalanche",calyrex_ice_rider,,,,,
calyrex_normal,バドレックス,psychic,grass,162,162,225,"pound_fast,confusion_fast","psyshock,psychic,energy_ball",calyrex_normal,,,,,
calyrex_shadow_rider,バドレックス,psychic,ghost,324,194,205,"confusion_fast,take_down_fast","psyshock,psychic,energy_ball,shadow_ball",calyrex_shadow_rider,,,,,
wyrdeer,アヤシシ,normal,psychic,206,145,230,"tackle_fast,zen_headbutt_fast,confusion_fast","stomp,wild_charge,megahorn,psychic",,,,,,
kleavor,バサギリ,bug,rock,253,174,172,"quick_attack_fast,air_slash_fast,fury_cutter_fast","x_scissor,rock_slide,stone_edge,trailblaze",,,,,,
ursaluna,ガチグマ,ground,normal,243,181,277,"tackle_fast,rock_smash_fast,smack_down_fast","fire_punch,thunder_punch,aerial_ace,ice_punch,trailblaze,swift,play_rough",,,high_horsepower,,URSARING,
ursaluna_normal,ガチグマ,ground,normal,243,181,277,"tackle_fast,rock_smash_fast,smack_down_fast","fire_punch,thunder_punch,aerial_ace,ice_punch,trailblaze,swift,play_rough",ursaluna_normal,,,,,
sneasler,オオニューラ,fighting,poison,259,158,190,"rock_smash_fast,poison_jab_fast,shadow_claw_fast","aerial_ace,close_combat,x_scissor",,,,,,
overqwil,ハリーマン,dark,poison,222,171,198,"poison_sting_fast,poison_jab_fast","aqua_tail,ice_beam,sludge_bomb,dark_pulse,shadow_ball",,,,,,
enamorus,ラブトロス,fairy,flying,281,162,179,"astonish_fast,zen_headbutt_fast,fairy_wind_fast","dazzling_gleam,fly,grass_knot",,,,,,
enamorus_incarnate,ラブトロス,fairy,flying,281,162,179,"astonish_fast,zen_headbutt_fast,fairy_wind_fast","dazzling_gleam,fly,grass_knot",enamorus_incarnate,,,,,
enamorus_therian,ラブトロス,fairy,flying,250,201,179,"astonish_fast,extrasensory_fast,fairy_wind_fast","moonblast,fly,earth_power,mystical_fire",enamorus_therian,,,,,
sprigatito,ニャオハ,grass,,116,99,120,"leafage_fast,charm_fast","grass_knot,play_rough,energy_ball",,,,FLORAGATO,,
floragato,ニャローテ,grass,,157,128,156,"leafage_fast,charm_fast","grass_knot,play_rough,energy_ball",,,,MEOWSCARADA,SPRIGATITO,
meowscarada,マスカーニャ,grass,dark,233,153,183,"leafage_fast,charm_fast","grass_knot,play_rough,energy_ball,night_slash,flower_trick",,,frenzy_plant,,FLORAGATO,
fuecoco,ホゲータ,fire,,112,96,167,"incinerate_fast,bite_fast","flamethrower,disarming_voice,crunch",,,,CROCALOR,,
crocalor,アチゲータ,fire,,162,134,191,"incinerate_fast,bite_fast","flamethrower,disarming_voice,crunch",,,,SKELEDIRGE,FUECOCO,
skeledirge,ラウドボーン,fire,ghost,207,178,232,"incinerate_fast,bite_fast,hex_fast","flamethrower,disarming_voice,crunch,shadow_ball,torch_song",,,blast_burn,,CROCALOR,
quaxly,クワッス,water,,120,86,146,"water_gun_fast,wing_attack_fast","aqua_jet,aerial_ace,liquidation",,,,QUAXWELL,,
quaxwell,ウェルカモ,water,,162,123,172,"water_gun_fast,wing_attack_fast","aqua_jet,aerial_ace,liquidation",,,,QUAQUAVAL,QUAXLY,
quaquaval,ウェーニバル,water,fighting,236,159,198,"water_gun_fast,wing_attack_fast","aqua_jet,aerial_ace,liquidation,close_combat,aqua_step",,,hydro_cannon,,QUAXWELL,
lechonk,グルトン,normal,,81,79,144,"tackle_fast,take_down_fast","dig,trailblaze,body_slam",,,,"OINKOLOGNE,OINKOLOGNE",,
oinkologne,パフュートン,normal,,186,153,242,"tackle_fast,take_down_fast","dig,trailblaze,body_slam",,,,,LECHONK,
oinkologne_female,パフュートン,normal,,169,162,251,"tackle_fast,take_down_fast","dig,trailblaze,body_slam",oinkologne_female,,,,,
oinkologne_normal,パフュートン,normal,,186,153,242,"tackle_fast,take_down_fast","dig,trailblaze,body_slam",oinkologne_normal,,,,,
tarountula,タマンチュラ,bug,,70,77,111,"bug_bite_fast,struggle_bug_fast","x_scissor,grass_knot,lunge",,,,SPIDOPS,,
spidops,ワナイダー,bug,,139,166,155,"bug_bite_fast,counter_fast,shadow_claw_fast","x_scissor,grass_knot,lunge,rock_tomb",,,,,TAROUNTULA,
nymble,マメバッタ,bug,,81,65,107,"bug_bite_fast,struggle_bug_fast","x_scissor,trailblaze,bug_buzz",,,,LOKIX,,
lokix,エクスレッグ,bug,dark,199,144,174,"bug_bite_fast,sucker_punch_fast,counter_fast","x_scissor,trailblaze,bug_buzz,dark_pulse",,,,,NYMBLE,
pawmi,パモ,electric,,95,45,128,"spark_fast,charge_beam_fast,thunder_shock_fast","thunderbolt,discharge,wild_charge",,,,PAWMO,,
pawmo,パモット,electric,fighting,147,82,155,"spark_fast,charge_beam_fast,thunder_shock_fast","thunderbolt,discharge,wild_charge,thunder_punch",,,,PAWMOT,PAWMI,
pawmot,パーモット,electric,fighting,232,141,172,"spark_fast,charge_beam_fast,low_kick_fast,thunder_shock_fast","thunderbolt,discharge,wild_charge,close_combat,thunder_punch",,,brick_break,,PAWMO,
tandemaus,ワッカネズミ,normal,,98,90,137,"take_down_fast,mud_shot_fast,bullet_seed_fast","swift,play_rough,crunch",,,,"MAUSHOLD,MAUSHOLD",,
maushold,イッカネズミ,normal,,159,157,179,"take_down_fast,mud_shot_fast,bullet_seed_fast","swift,play_rough,crunch",,,,,TANDEMAUS,
maushold_family_of_four,イッカネズミ,normal,,159,157,179,"take_down_fast,mud_shot_fast,bullet_seed_fast","swift,play_rough,crunch",maushold_family_of_four,,,,,
maushold_family_of_three,イッカネズミ,normal,,159,157,179,"take_down_fast,mud_shot_fast,bullet_seed_fast","swift,play_rough,crunch",maushold_family_of_three,,,,,
fidough,パピモッチ,fairy,,102,126,114,"charm_fast,bite_fast","body_slam,play_rough,psychic_fangs",,,,DACHSBUN,,
dachsbun,バウッツェル,fairy,,159,212,149,"charm_fast,bite_fast,fire_fang_fast","body_slam,play_rough,psychic_fangs",,,,,FIDOUGH,
smoliv,ミニーブ,grass,normal,100,89,121,"razor_leaf_fast,tackle_fast","seed_bomb,energy_ball,earth_power,trailblaze",,,,DOLLIV,,
dolliv,オリーニョ,grass,normal,137,131,141,"razor_leaf_fast,tackle_fast,magical_leaf_fast","seed_bomb,energy_ball,earth_power,trailblaze",,,,ARBOLIVA,SMOLIV,
arboliva,オリーヴァ,grass,normal,219,189,186,"razor_leaf_fast,tackle_fast,magical_leaf_fast","seed_bomb,energy_ball,earth_power,trailblaze",,,,,DOLLIV,
squawkabilly,イキリンコ,normal,flying,185,105,193,"peck_fast,air_slash_fast","aerial_ace,brave_bird,fly",,,,,,
squawkabilly_blue,イキリンコ,normal,flying,185,105,193,"peck_fast,air_slash_fast","aerial_ace,brave_bird,fly",squawkabilly_blue,,,,,
squawkabilly_green,イキリンコ,normal,flying,185,105,193,"peck_fast,air_slash_fast","aerial_ace,brave_bird,fly",squawkabilly_green,,,,,
squawkabilly_white,イキリンコ,normal,flying,185,105,193,"peck_fast,air_slash_fast","aerial_ace,brave_bird,fly",squawkabilly_white,,,,,
squawkabilly_yellow,イキリンコ,normal,flying,185,105,193,"peck_fast,air_slash_fast","aerial_ace,brave_bird,fly",squawkabilly_yellow,,,,,
nacli,コジオ,rock,,95,108,146,"rock_throw_fast,mud_shot_fast","rock_blast,rock_tomb,ancient_power",,,,NACLSTACK,,
naclstack,ジオヅム,rock,,105,160,155,"smack_down_fast,mud_shot_fast","rock_blast,rock_tomb,ancient_power",,,,GARGANACL,NACLI,
garganacl,キョジオーン,rock,,171,212,225,"smack_down_fast,mud_shot_fast","rock_blast,rock_tomb,ancient_power",,,,,NACLSTACK,
charcadet,カルボウ,fire,,92,74,120,"ember_fast,incinerate_fast","flame_charge,heat_wave,flamethrower",,,,"ARMAROUGE,CERULEDGE",,
armarouge,グレンアルマ,fire,psychic,234,185,198,"ember_fast,incinerate_fast","flame_charge,heat_wave,flamethrower,psyshock",,,,,CHARCADET,
ceruledge,ソウブレイズ,fire,ghost,239,189,181,"ember_fast,incinerate_fast","flame_charge,heat_wave,flamethrower,shadow_ball",,,,,CHARCADET,
tadbulb,ズピカ,electric,,104,73,156,"thunder_shock_fast,water_gun_fast","parabolic_charge,discharge,zap_cannon",,,,BELLIBOLT,,
bellibolt,ハラバリー,electric,,184,165,240,"thunder_shock_fast,water_gun_fast,sucker_punch_fast","parabolic_charge,discharge,zap_cannon",,,,,TADBULB,
wattrel,カイデン,electric,flying,105,75,120,"thunder_shock_fast,peck_fast","acrobatics,aerial_ace,thunderbolt",,,,KILOWATTREL,,
kilowattrel,タイカイデン,electric,flying,221,132,172,"thunder_shock_fast,air_slash_fast","acrobatics,aerial_ace,thunderbolt",,,,,WATTREL,
maschiff,オラチフ,dark,,140,108,155,"snarl_fast,bite_fast","crunch,payback,dig",,,,MABOSSTIFF,,
mabosstiff,マフィティフ,dark,,230,168,190,"snarl_fast,bite_fast","crunch,payback,dig",,,,,MASCHIFF,
shroodle,シルシュルー,poison,normal,124,70,120,"mud_slap_fast,poison_jab_fast","acid_spray,poison_fang,sludge_bomb",,,,GRAFAIAI,,
grafaiai,タギングル,poison,normal,199,149,160,"mud_slap_fast,poison_jab_fast","acid_spray,poison_fang,sludge_bomb",,,,,SHROODLE,
bramblin,アノクサ,grass,ghost,121,64,120,"astonish_fast,bullet_seed_fast","shadow_sneak,night_shade,power_whip",,,,BRAMBLEGHAST,,
brambleghast,アノホラグサ,grass,ghost,228,144,146,"hex_fast,bullet_seed_fast","shadow_sneak,night_shade,power_whip",,,,,BRAMBLIN,
toedscool,ノノクラゲ,ground,grass,97,149,120,"mud_slap_fast,mud_shot_fast","earth_power,seed_bomb,wrap",,,,TOEDSCRUEL,,
toedscruel,リククラゲ,ground,grass,166,209,190,"mud_slap_fast,mud_shot_fast","earth_power,seed_bomb,wrap,acid_spray",,,,,TOEDSCOOL,
klawf,ガケガニ,rock,,184,185,172,"rock_throw_fast,mud_slap_fast","rock_slide,rock_tomb,bulldoze",,,,,,
capsakid,カプサイジ,grass,,118,76,137,"leafage_fast,razor_leaf_fast","leaf_storm,grass_knot,seed_bomb",,,,SCOVILLAIN,,
scovillain,スコヴィラン,grass,fire,216,130,163,"leafage_fast,fire_fang_fast","leaf_storm,grass_knot,overheat,flamethrower",,,,,CAPSAKID,
rellor,シガロコ,bug,,86,108,121,"bug_bite_fast,struggle_bug_fast","dig,bug_buzz,lunge",,,,RABSCA,,
rabsca,ベラカス,bug,psychic,201,178,181,"bug_bite_fast,confusion_fast","dig,bug_buzz,lunge,psybeam",,,,,RELLOR,
flittle,ヒラヒナ,psychic,,105,60,102,"peck_fast,confusion_fast","psybeam,psyshock,psychic",,,,ESPATHRA,,
espathra,クエスパトラ,psychic,,204,127,216,"peck_fast,confusion_fast","psybeam,psyshock,psychic,dazzling_gleam",,,,,FLITTLE,
tinkatink,カヌチャン,fairy,steel,85,110,137,"fairy_wind_fast,rock_smash_fast","play_rough,flash_cannon",,,,TINKATUFF,,
tinkatuff,ナカヌチャン,fairy,steel,109,145,163,"fairy_wind_fast,rock_smash_fast","play_rough,flash_cannon",,,,TINKATON,TINKATINK,
tinkaton,デカヌチャン,fairy,steel,155,196,198,"fairy_wind_fast,rock_smash_fast","play_rough,flash_cannon,bulldoze,heavy_slam",,,gigaton_hammer,,TINKATUFF,
wiglett,ウミディグダ,water,,109,52,67,"water_gun_fast,mud_slap_fast","liquidation,dig,surf",,,,WUGTRIO,,
wugtrio,ウミトリオ,water,,205,136,111,"water_gun_fast,mud_slap_fast","liquidation,dig,surf",,,,,WIGLETT,
bombirdier,オトシドリ,flying,dark,198,172,172,"wing_attack_fast,rock_throw_fast,sucker_punch_fast","payback,aerial_ace,fly,rock_tomb",,,,,,
finizen,ナミイルカ,water,,90,80,172,"waterfall_fast,charm_fast","aqua_jet,water_pulse,icy_wind",,,,PALAFIN,,
palafin,イルカマン,water,,143,144,225,"waterfall_fast,charm_fast,counter_fast","aqua_jet,water_pulse,icy_wind,drain_punch,acrobatics",,,,,FINIZEN,
palafin_hero,イルカマン,water,,322,196,225,"waterfall_fast,charm_fast,counter_fast","aqua_jet,water_pulse,icy_wind,drain_punch,acrobatics",palafin_hero,,,,,
palafin_zero,イルカマン,water,,143,144,225,"waterfall_fast,charm_fast,counter_fast","aqua_jet,water_pulse,icy_wind,drain_punch,acrobatics",palafin_zero,,,,,
varoom,ブロロン,steel,poison,123,107,128,"lick_fast,poison_jab_fast,metal_sound_fast","acid_spray,gunk_shot,gyro_ball",,,,REVAVROOM,,
revavroom,ブロロローム,steel,poison,229,168,190,"lick_fast,poison_jab_fast,metal_sound_fast","acid_spray,gunk_shot,gyro_ball,overheat",,,,,VAROOM,
cyclizar,モトトカゲ,dragon,normal,205,142,172,"dragon_tail_fast,take_down_fast","dragon_claw,body_slam,trailblaze",,,,,,
orthworm,ミミズズ,steel,,161,219,172,"iron_tail_fast,mud_slap_fast","rock_tomb,earthquake,iron_head",,,,,,
glimmet,キラーメ,rock,poison,187,104,134,"rock_throw_fast,smack_down_fast","dazzling_gleam,power_gem,sludge_wave",,,,GLIMMORA,,
glimmora,キラフロル,rock,poison,246,177,195,"rock_throw_fast,smack_down_fast","dazzling_gleam,power_gem,sludge_wave,meteor_beam",,,,,GLIMMET,
greavard,ボチ,ghost,,105,106,137,"lick_fast,bite_fast","shadow_ball,dig,psychic_fangs",,,,HOUNDSTONE,,
houndstone,ハカドッグ,ghost,,186,195,176,"lick_fast,bite_fast","shadow_ball,dig,psychic_fangs,play_rough",,,,,GREAVARD,
flamigo,カラミンゴ,flying,fighting,227,145,193,"wing_attack_fast,double_kick_fast","aerial_ace,brave_bird,upper_hand",,,,,,
cetoddle,アルクジラ,ice,,119,80,239,"ice_shard_fast,tackle_fast,powder_snow_fast","body_slam,avalanche,heavy_slam",,,,CETITAN,,
cetitan,ハルクジラ,ice,,208,123,347,"ice_shard_fast,tackle_fast,powder_snow_fast","body_slam,avalanche,heavy_slam,super_power,icicle_spear",,,,,CETODDLE,
veluza,ミガルーサ,water,psychic,196,139,207,"ice_fang_fast,zen_headbutt_fast","water_pulse,psychic_fangs,drill_run,crunch",,,,,,
dondozo,ヘイラッシャ,water,,176,178,312,"waterfall_fast,water_gun_fast","outrage,surf,hydro_pump,liquidation",,,,,,
tatsugiri,シャリタツ,dragon,water,226,166,169,"take_down_fast,water_gun_fast","outrage,surf,hydro_pump,muddy_water",,,,,,
tatsugiri_curly,シャリタツ,dragon,water,226,166,169,"take_down_fast,water_gun_fast","outrage,surf,hydro_pump,muddy_water",tatsugiri_curly,,,,,
tatsugiri_droopy,シャリタツ,dragon,water,226,166,169,"take_down_fast,water_gun_fast","outrage,surf,hydro_pump,muddy_water",tatsugiri_droopy,,,,,
tatsugiri_stretchy,シャリタツ,dragon,water,226,166,169,"take_down_fast,water_gun_fast","outrage,surf,hydro_pump,muddy_water",tatsugiri_stretchy,,,,,
annihilape,コノヨザル,fighting,ghost,220,178,242,"low_kick_fast,counter_fast","close_combat,low_sweep,night_slash,ice_punch,shadow_ball",,,rage_fist,,PRIMEAPE,
clodsire,ドオー,poison,ground,127,151,277,"poison_sting_fast,mud_shot_fast","sludge_bomb,earthquake,stone_edge,acid_spray,water_pulse",,,megahorn,,WOOPER,
farigiraf,リキキリン,normal,psychic,209,136,260,"tackle_fast,confusion_fast,double_kick_fast","psychic,thunderbolt,mirror_coat,psychic_fangs",,,,,,
dudunsparce,ノココッチ,normal,,188,150,268,"bite_fast,astonish_fast,rollout_fast,dragon_tail_fast","dig,rock_slide,drill_run,body_slam",,,,,DUNSPARCE,
dudunsparce_three,ノココッチ,normal,,188,150,268,"bite_fast,astonish_fast,rollout_fast,dragon_tail_fast","dig,rock_slide,drill_run,body_slam",dudunsparce_three,,,,,
dudunsparce_two,ノココッチ,normal,,188,150,268,"bite_fast,astonish_fast,rollout_fast,dragon_tail_fast","dig,rock_slide,drill_run,body_slam",dudunsparce_two,,,,,
kingambit,ドドゲザン,dark,steel,238,203,225,"snarl_fast,metal_claw_fast,metal_sound_fast","dark_pulse,iron_head,x_scissor,focus_blast,foul_play",,,,,BISHARP,
greattusk,イダイナキバ,ground,fighting,249,209,251,splash_fast,struggle,,,,,,
screamtail,サケブシッポ,fairy,psychic,139,234,251,splash_fast,struggle,,,,,,
brutebonnet,アラブルタケ,grass,dark,232,190,244,splash_fast,struggle,,,,,,
fluttermane,ハバタクカミ,ghost,fairy,280,235,146,splash_fast,struggle,,,,,,
slitherwing,チオハウハネ,bug,fighting,261,193,198,splash_fast,struggle,,,,,,
sandyshocks,スナノケガワ,electric,ground,244,195,198,splash_fast,struggle,,,,,,
irontreads,テツノワダチ,ground,steel,227,216,207,splash_fast,struggle,,,,,,
ironbundle,テツノツツミ,ice,water,266,211,148,splash_fast,struggle,,,,,,
ironhands,テツノカイナ,fighting,electric,245,177,319,splash_fast,struggle,,,,,,
ironjugulis,テツノコウベ,dark,flying,249,179,214,splash_fast,struggle,,,,,,
ironmoth,テツノドクガ,fire,poison,281,196,190,splash_fast,struggle,,,,,,
ironthorns,テツノイバラ,rock,electric,250,200,225,splash_fast,struggle,,,,,,
frigibax,セビエ,dragon,ice,134,86,163,"dragon_breath_fast,ice_fang_fast","dragon_claw,avalanche,outrage,icy_wind",,,,ARCTIBAX,,
arctibax,セゴール,dragon,ice,173,128,207,"dragon_breath_fast,ice_fang_fast","dragon_claw,avalanche,outrage,icy_wind",,,,BAXCALIBUR,FRIGIBAX,
baxcalibur,セグレイブ,dragon,ice,254,168,229,"dragon_breath_fast,ice_fang_fast","dragon_claw,avalanche,outrage,blizzard,icy_wind",,,,,ARCTIBAX,
gimmighoul,コレクレー,ghost,,140,76,128,astonish_fast,shadow_ball,,,,GHOLDENGO,,
gimmighoul_normal,コレクレー,ghost,,140,76,128,astonish_fast,shadow_ball,gimmighoul_normal,,,,,
gholdengo,サーフゴー,steel,ghost,252,190,202,"astonish_fast,hex_fast","shadow_ball,dazzling_gleam,focus_blast,power_gem",,,,,GIMMIGHOUL,
gholdengo_normal,サーフゴー,steel,ghost,252,190,202,"astonish_fast,hex_fast","shadow_ball,dazzling_gleam,focus_blast,power_gem",gholdengo_normal,,,,,
wochien,チオンジェン,dark,grass,186,242,198,"magical_leaf_fast,snarl_fast","dark_pulse,grass_knot,leaf_storm",,,,,,
chienpao,パオジアン,dark,ice,261,167,190,"powder_snow_fast,snarl_fast","dark_pulse,avalanche,blizzard",,,,,,
tinglu,ディンルー,dark,ground,194,203,321,"mud_shot_fast,snarl_fast","dark_pulse,bulldoze,earthquake",,,,,,
chiyu,イーユイ,dark,fire,269,221,146,"incinerate_fast,snarl_fast","dark_pulse,flame_charge,flame_wheel",,,,,,
roaringmoon,トドロクツキ,dragon,dark,280,196,233,splash_fast,struggle,,,,,,
ironvaliant,テツノブジン,fairy,fighting,279,171,179,splash_fast,struggle,,,,,,
koraidon,コライドン,fighting,dragon,263,223,205,"rock_smash_fast,dragon_tail_fast","giga_impact,dragon_claw,close_combat,outrage",,,,,,
koraidon_apex,コライドン,fighting,dragon,263,223,205,"rock_smash_fast,dragon_tail_fast","giga_impact,dragon_claw,close_combat,outrage",koraidon_apex,,,,,
miraidon,ミライドン,electric,dragon,263,223,205,"thunder_shock_fast,dragon_breath_fast","hyper_beam,dragon_pulse,thunder,outrage",,,,,,
miraidon_ultimate,ミライドン,electric,dragon,263,223,205,"thunder_shock_fast,dragon_breath_fast","hyper_beam,dragon_pulse,thunder,outrage",miraidon_ultimate,,,,,
